CREATE TABLE IF NOT EXISTS "auth_group" ("id" integer NOT NULL PRIMARY KEY AUTOINCREMENT, "name" varchar(150) NOT NULL UNIQUE);
CREATE UNIQUE INDEX "auth_group_permissions_group_id_permission_id_0cd325b0_uniq" ON "auth_group_permissions" ("group_id", "permission_id");
CREATE INDEX IF NOT EXISTS "auth_group_permissions_group_id_b120cbf9" ON "auth_group_permissions" ("group_id");
CREATE INDEX IF NOT EXISTS "auth_group_permissions_permission_id_84c5c92e" ON "auth_group_permissions" ("permission_id");
CREATE UNIQUE INDEX "auth_user_groups_user_id_group_id_94350c0c_uniq" ON "auth_user_groups" ("user_id", "group_id");
CREATE INDEX IF NOT EXISTS "auth_user_groups_user_id_6a12ed8b" ON "auth_user_groups" ("user_id");
CREATE INDEX IF NOT EXISTS "auth_user_groups_group_id_97559544" ON "auth_user_groups" ("group_id");
CREATE UNIQUE INDEX "auth_user_user_permissions_user_id_permission_id_14a6b632_uniq" ON "auth_user_user_permissions" ("user_id", "permission_id");
CREATE INDEX IF NOT EXISTS "auth_user_user_permissions_user_id_a95ead1b" ON "auth_user_user_permissions" ("user_id");
CREATE INDEX IF NOT EXISTS "auth_user_user_permissions_permission_id_1fbb5f2c" ON "auth_user_user_permissions" ("permission_id");
CREATE INDEX IF NOT EXISTS "django_admin_log_content_type_id_c4bce8eb" ON "django_admin_log" ("content_type_id");
CREATE INDEX IF NOT EXISTS "django_admin_log_user_id_c564eba6" ON "django_admin_log" ("user_id");
CREATE UNIQUE INDEX "django_content_type_app_label_model_76bd3d3b_uniq" ON "django_content_type" ("app_label", "model");
CREATE UNIQUE INDEX "auth_permission_content_type_id_codename_01ab375a_uniq" ON "auth_permission" ("content_type_id", "codename");
CREATE INDEX IF NOT EXISTS "auth_permission_content_type_id_2f476e4b" ON "auth_permission" ("content_type_id");
CREATE INDEX IF NOT EXISTS "django_session_expire_date_a5c62663" ON "django_session" ("expire_date");
CREATE INDEX IF NOT EXISTS "testapp_returned_sell_entry_sell_entry_ref_id_9c1aded3" ON "testapp_returned_sell_entry" ("sell_entry_ref_id");
CREATE INDEX IF NOT EXISTS "testapp_returned_out_item_entry_item_entry_ref1_id_9c4ede54" ON "testapp_returned_out_item_entry" ("item_entry_ref1_id");
CREATE INDEX IF NOT EXISTS "testapp_returned_out_item_entry_rbill_no_ref_id_588132ee" ON "testapp_returned_out_item_entry" ("rbill_no_ref_id");
CREATE INDEX IF NOT EXISTS "testapp_purchase_entry_supplier_ref1_id_e0cd67c5" ON "testapp_purchase_entry" ("supplier_ref1_id");
CREATE INDEX IF NOT EXISTS "testapp_item_entry_supplier_ref_id_60f56232" ON "testapp_item_entry" ("supplier_ref_id");
CREATE INDEX IF NOT EXISTS "testapp_item_entry_purchase_ref_id_9ddcfbbc" ON "testapp_item_entry" ("purchase_ref_id");
CREATE INDEX IF NOT EXISTS "testapp_out_item_entry_bill_no_ref_id_892a8538" ON "testapp_out_item_entry" ("bill_no_ref_id");
CREATE INDEX IF NOT EXISTS "testapp_out_item_entry_item_entry_ref_id_a05fff58" ON "testapp_out_item_entry" ("item_entry_ref_id");
CREATE TABLE IF NOT EXISTS "auth_group_permissions" ("id" integer NOT NULL PRIMARY KEY AUTOINCREMENT, "group_id" integer NOT NULL REFERENCES "auth_group" ("id") DEFERRABLE INITIALLY DEFERRED, "permission_id" integer NOT NULL REFERENCES "auth_permission" ("id") DEFERRABLE INITIALLY DEFERRED);
CREATE UNIQUE INDEX "auth_group_permissions_group_id_permission_id_0cd325b0_uniq" ON "auth_group_permissions" ("group_id", "permission_id");
CREATE INDEX IF NOT EXISTS "auth_group_permissions_group_id_b120cbf9" ON "auth_group_permissions" ("group_id");
CREATE INDEX IF NOT EXISTS "auth_group_permissions_permission_id_84c5c92e" ON "auth_group_permissions" ("permission_id");
CREATE UNIQUE INDEX "auth_user_groups_user_id_group_id_94350c0c_uniq" ON "auth_user_groups" ("user_id", "group_id");
CREATE INDEX IF NOT EXISTS "auth_user_groups_user_id_6a12ed8b" ON "auth_user_groups" ("user_id");
CREATE INDEX IF NOT EXISTS "auth_user_groups_group_id_97559544" ON "auth_user_groups" ("group_id");
CREATE UNIQUE INDEX "auth_user_user_permissions_user_id_permission_id_14a6b632_uniq" ON "auth_user_user_permissions" ("user_id", "permission_id");
CREATE INDEX IF NOT EXISTS "auth_user_user_permissions_user_id_a95ead1b" ON "auth_user_user_permissions" ("user_id");
CREATE INDEX IF NOT EXISTS "auth_user_user_permissions_permission_id_1fbb5f2c" ON "auth_user_user_permissions" ("permission_id");
CREATE INDEX IF NOT EXISTS "django_admin_log_content_type_id_c4bce8eb" ON "django_admin_log" ("content_type_id");
CREATE INDEX IF NOT EXISTS "django_admin_log_user_id_c564eba6" ON "django_admin_log" ("user_id");
CREATE UNIQUE INDEX "django_content_type_app_label_model_76bd3d3b_uniq" ON "django_content_type" ("app_label", "model");
CREATE UNIQUE INDEX "auth_permission_content_type_id_codename_01ab375a_uniq" ON "auth_permission" ("content_type_id", "codename");
CREATE INDEX IF NOT EXISTS "auth_permission_content_type_id_2f476e4b" ON "auth_permission" ("content_type_id");
CREATE INDEX IF NOT EXISTS "django_session_expire_date_a5c62663" ON "django_session" ("expire_date");
CREATE INDEX IF NOT EXISTS "testapp_returned_sell_entry_sell_entry_ref_id_9c1aded3" ON "testapp_returned_sell_entry" ("sell_entry_ref_id");
CREATE INDEX IF NOT EXISTS "testapp_returned_out_item_entry_item_entry_ref1_id_9c4ede54" ON "testapp_returned_out_item_entry" ("item_entry_ref1_id");
CREATE INDEX IF NOT EXISTS "testapp_returned_out_item_entry_rbill_no_ref_id_588132ee" ON "testapp_returned_out_item_entry" ("rbill_no_ref_id");
CREATE INDEX IF NOT EXISTS "testapp_purchase_entry_supplier_ref1_id_e0cd67c5" ON "testapp_purchase_entry" ("supplier_ref1_id");
CREATE INDEX IF NOT EXISTS "testapp_item_entry_supplier_ref_id_60f56232" ON "testapp_item_entry" ("supplier_ref_id");
CREATE INDEX IF NOT EXISTS "testapp_item_entry_purchase_ref_id_9ddcfbbc" ON "testapp_item_entry" ("purchase_ref_id");
CREATE INDEX IF NOT EXISTS "testapp_out_item_entry_bill_no_ref_id_892a8538" ON "testapp_out_item_entry" ("bill_no_ref_id");
CREATE INDEX IF NOT EXISTS "testapp_out_item_entry_item_entry_ref_id_a05fff58" ON "testapp_out_item_entry" ("item_entry_ref_id");
CREATE TABLE IF NOT EXISTS "auth_permission" ("id" integer NOT NULL PRIMARY KEY AUTOINCREMENT, "content_type_id" integer NOT NULL REFERENCES "django_content_type" ("id") DEFERRABLE INITIALLY DEFERRED, "codename" varchar(100) NOT NULL, "name" varchar(255) NOT NULL);
INSERT INTO "auth_permission" VALUES(1,1,'add_logentry','Can add log entry');
INSERT INTO "auth_permission" VALUES(2,1,'change_logentry','Can change log entry');
INSERT INTO "auth_permission" VALUES(3,1,'delete_logentry','Can delete log entry');
INSERT INTO "auth_permission" VALUES(4,1,'view_logentry','Can view log entry');
INSERT INTO "auth_permission" VALUES(5,2,'add_permission','Can add permission');
INSERT INTO "auth_permission" VALUES(6,2,'change_permission','Can change permission');
INSERT INTO "auth_permission" VALUES(7,2,'delete_permission','Can delete permission');
INSERT INTO "auth_permission" VALUES(8,2,'view_permission','Can view permission');
INSERT INTO "auth_permission" VALUES(9,3,'add_group','Can add group');
INSERT INTO "auth_permission" VALUES(10,3,'change_group','Can change group');
INSERT INTO "auth_permission" VALUES(11,3,'delete_group','Can delete group');
INSERT INTO "auth_permission" VALUES(12,3,'view_group','Can view group');
INSERT INTO "auth_permission" VALUES(13,4,'add_user','Can add user');
INSERT INTO "auth_permission" VALUES(14,4,'change_user','Can change user');
INSERT INTO "auth_permission" VALUES(15,4,'delete_user','Can delete user');
INSERT INTO "auth_permission" VALUES(16,4,'view_user','Can view user');
INSERT INTO "auth_permission" VALUES(17,5,'add_contenttype','Can add content type');
INSERT INTO "auth_permission" VALUES(18,5,'change_contenttype','Can change content type');
INSERT INTO "auth_permission" VALUES(19,5,'delete_contenttype','Can delete content type');
INSERT INTO "auth_permission" VALUES(20,5,'view_contenttype','Can view content type');
INSERT INTO "auth_permission" VALUES(21,6,'add_session','Can add session');
INSERT INTO "auth_permission" VALUES(22,6,'change_session','Can change session');
INSERT INTO "auth_permission" VALUES(23,6,'delete_session','Can delete session');
INSERT INTO "auth_permission" VALUES(24,6,'view_session','Can view session');
INSERT INTO "auth_permission" VALUES(25,7,'add_customer_address','Can add customer_ address');
INSERT INTO "auth_permission" VALUES(26,7,'change_customer_address','Can change customer_ address');
INSERT INTO "auth_permission" VALUES(27,7,'delete_customer_address','Can delete customer_ address');
INSERT INTO "auth_permission" VALUES(28,7,'view_customer_address','Can view customer_ address');
INSERT INTO "auth_permission" VALUES(29,8,'add_supplier_address','Can add supplier_ address');
INSERT INTO "auth_permission" VALUES(30,8,'change_supplier_address','Can change supplier_ address');
INSERT INTO "auth_permission" VALUES(31,8,'delete_supplier_address','Can delete supplier_ address');
INSERT INTO "auth_permission" VALUES(32,8,'view_supplier_address','Can view supplier_ address');
INSERT INTO "auth_permission" VALUES(33,9,'add_item_entry','Can add item_ entry');
INSERT INTO "auth_permission" VALUES(34,9,'change_item_entry','Can change item_ entry');
INSERT INTO "auth_permission" VALUES(35,9,'delete_item_entry','Can delete item_ entry');
INSERT INTO "auth_permission" VALUES(36,9,'view_item_entry','Can view item_ entry');
INSERT INTO "auth_permission" VALUES(37,10,'add_purchase_entry','Can add purchase_ entry');
INSERT INTO "auth_permission" VALUES(38,10,'change_purchase_entry','Can change purchase_ entry');
INSERT INTO "auth_permission" VALUES(39,10,'delete_purchase_entry','Can delete purchase_ entry');
INSERT INTO "auth_permission" VALUES(40,10,'view_purchase_entry','Can view purchase_ entry');
INSERT INTO "auth_permission" VALUES(41,11,'add_sell_entry','Can add sell_ entry');
INSERT INTO "auth_permission" VALUES(42,11,'change_sell_entry','Can change sell_ entry');
INSERT INTO "auth_permission" VALUES(43,11,'delete_sell_entry','Can delete sell_ entry');
INSERT INTO "auth_permission" VALUES(44,11,'view_sell_entry','Can view sell_ entry');
INSERT INTO "auth_permission" VALUES(45,12,'add_out_item_entry','Can add out_ item_ entry');
INSERT INTO "auth_permission" VALUES(46,12,'change_out_item_entry','Can change out_ item_ entry');
INSERT INTO "auth_permission" VALUES(47,12,'delete_out_item_entry','Can delete out_ item_ entry');
INSERT INTO "auth_permission" VALUES(48,12,'view_out_item_entry','Can view out_ item_ entry');
INSERT INTO "auth_permission" VALUES(49,13,'add_returned_sell_entry','Can add returned_ sell_ entry');
INSERT INTO "auth_permission" VALUES(50,13,'change_returned_sell_entry','Can change returned_ sell_ entry');
INSERT INTO "auth_permission" VALUES(51,13,'delete_returned_sell_entry','Can delete returned_ sell_ entry');
INSERT INTO "auth_permission" VALUES(52,13,'view_returned_sell_entry','Can view returned_ sell_ entry');
INSERT INTO "auth_permission" VALUES(53,14,'add_returned_out_item_entry','Can add returned_ out_ item_ entry');
INSERT INTO "auth_permission" VALUES(54,14,'change_returned_out_item_entry','Can change returned_ out_ item_ entry');
INSERT INTO "auth_permission" VALUES(55,14,'delete_returned_out_item_entry','Can delete returned_ out_ item_ entry');
INSERT INTO "auth_permission" VALUES(56,14,'view_returned_out_item_entry','Can view returned_ out_ item_ entry');
CREATE UNIQUE INDEX "auth_group_permissions_group_id_permission_id_0cd325b0_uniq" ON "auth_group_permissions" ("group_id", "permission_id");
CREATE INDEX IF NOT EXISTS "auth_group_permissions_group_id_b120cbf9" ON "auth_group_permissions" ("group_id");
CREATE INDEX IF NOT EXISTS "auth_group_permissions_permission_id_84c5c92e" ON "auth_group_permissions" ("permission_id");
CREATE UNIQUE INDEX "auth_user_groups_user_id_group_id_94350c0c_uniq" ON "auth_user_groups" ("user_id", "group_id");
CREATE INDEX IF NOT EXISTS "auth_user_groups_user_id_6a12ed8b" ON "auth_user_groups" ("user_id");
CREATE INDEX IF NOT EXISTS "auth_user_groups_group_id_97559544" ON "auth_user_groups" ("group_id");
CREATE UNIQUE INDEX "auth_user_user_permissions_user_id_permission_id_14a6b632_uniq" ON "auth_user_user_permissions" ("user_id", "permission_id");
CREATE INDEX IF NOT EXISTS "auth_user_user_permissions_user_id_a95ead1b" ON "auth_user_user_permissions" ("user_id");
CREATE INDEX IF NOT EXISTS "auth_user_user_permissions_permission_id_1fbb5f2c" ON "auth_user_user_permissions" ("permission_id");
CREATE INDEX IF NOT EXISTS "django_admin_log_content_type_id_c4bce8eb" ON "django_admin_log" ("content_type_id");
CREATE INDEX IF NOT EXISTS "django_admin_log_user_id_c564eba6" ON "django_admin_log" ("user_id");
CREATE UNIQUE INDEX "django_content_type_app_label_model_76bd3d3b_uniq" ON "django_content_type" ("app_label", "model");
CREATE UNIQUE INDEX "auth_permission_content_type_id_codename_01ab375a_uniq" ON "auth_permission" ("content_type_id", "codename");
CREATE INDEX IF NOT EXISTS "auth_permission_content_type_id_2f476e4b" ON "auth_permission" ("content_type_id");
CREATE INDEX IF NOT EXISTS "django_session_expire_date_a5c62663" ON "django_session" ("expire_date");
CREATE INDEX IF NOT EXISTS "testapp_returned_sell_entry_sell_entry_ref_id_9c1aded3" ON "testapp_returned_sell_entry" ("sell_entry_ref_id");
CREATE INDEX IF NOT EXISTS "testapp_returned_out_item_entry_item_entry_ref1_id_9c4ede54" ON "testapp_returned_out_item_entry" ("item_entry_ref1_id");
CREATE INDEX IF NOT EXISTS "testapp_returned_out_item_entry_rbill_no_ref_id_588132ee" ON "testapp_returned_out_item_entry" ("rbill_no_ref_id");
CREATE INDEX IF NOT EXISTS "testapp_purchase_entry_supplier_ref1_id_e0cd67c5" ON "testapp_purchase_entry" ("supplier_ref1_id");
CREATE INDEX IF NOT EXISTS "testapp_item_entry_supplier_ref_id_60f56232" ON "testapp_item_entry" ("supplier_ref_id");
CREATE INDEX IF NOT EXISTS "testapp_item_entry_purchase_ref_id_9ddcfbbc" ON "testapp_item_entry" ("purchase_ref_id");
CREATE INDEX IF NOT EXISTS "testapp_out_item_entry_bill_no_ref_id_892a8538" ON "testapp_out_item_entry" ("bill_no_ref_id");
CREATE INDEX IF NOT EXISTS "testapp_out_item_entry_item_entry_ref_id_a05fff58" ON "testapp_out_item_entry" ("item_entry_ref_id");
CREATE TABLE IF NOT EXISTS "auth_user" ("id" integer NOT NULL PRIMARY KEY AUTOINCREMENT, "password" varchar(128) NOT NULL, "last_login" datetime NULL, "is_superuser" bool NOT NULL, "username" varchar(150) NOT NULL UNIQUE, "first_name" varchar(30) NOT NULL, "email" varchar(254) NOT NULL, "is_staff" bool NOT NULL, "is_active" bool NOT NULL, "date_joined" datetime NOT NULL, "last_name" varchar(150) NOT NULL);
INSERT INTO "auth_user" VALUES(1,'pbkdf2_sha256$180000$LbIWXzt68mtK$+E5bUblKC6JLJpR681SxjTuvge9aJ4bU8dCGkIE97yc=','2020-10-20 10:38:49.663989',1,'sreenivas','','svalaboj@gmail.com',1,1,'2020-09-16 19:03:45.435418','');
CREATE UNIQUE INDEX "auth_group_permissions_group_id_permission_id_0cd325b0_uniq" ON "auth_group_permissions" ("group_id", "permission_id");
CREATE INDEX IF NOT EXISTS "auth_group_permissions_group_id_b120cbf9" ON "auth_group_permissions" ("group_id");
CREATE INDEX IF NOT EXISTS "auth_group_permissions_permission_id_84c5c92e" ON "auth_group_permissions" ("permission_id");
CREATE UNIQUE INDEX "auth_user_groups_user_id_group_id_94350c0c_uniq" ON "auth_user_groups" ("user_id", "group_id");
CREATE INDEX IF NOT EXISTS "auth_user_groups_user_id_6a12ed8b" ON "auth_user_groups" ("user_id");
CREATE INDEX IF NOT EXISTS "auth_user_groups_group_id_97559544" ON "auth_user_groups" ("group_id");
CREATE UNIQUE INDEX "auth_user_user_permissions_user_id_permission_id_14a6b632_uniq" ON "auth_user_user_permissions" ("user_id", "permission_id");
CREATE INDEX IF NOT EXISTS "auth_user_user_permissions_user_id_a95ead1b" ON "auth_user_user_permissions" ("user_id");
CREATE INDEX IF NOT EXISTS "auth_user_user_permissions_permission_id_1fbb5f2c" ON "auth_user_user_permissions" ("permission_id");
CREATE INDEX IF NOT EXISTS "django_admin_log_content_type_id_c4bce8eb" ON "django_admin_log" ("content_type_id");
CREATE INDEX IF NOT EXISTS "django_admin_log_user_id_c564eba6" ON "django_admin_log" ("user_id");
CREATE UNIQUE INDEX "django_content_type_app_label_model_76bd3d3b_uniq" ON "django_content_type" ("app_label", "model");
CREATE UNIQUE INDEX "auth_permission_content_type_id_codename_01ab375a_uniq" ON "auth_permission" ("content_type_id", "codename");
CREATE INDEX IF NOT EXISTS "auth_permission_content_type_id_2f476e4b" ON "auth_permission" ("content_type_id");
CREATE INDEX IF NOT EXISTS "django_session_expire_date_a5c62663" ON "django_session" ("expire_date");
CREATE INDEX IF NOT EXISTS "testapp_returned_sell_entry_sell_entry_ref_id_9c1aded3" ON "testapp_returned_sell_entry" ("sell_entry_ref_id");
CREATE INDEX IF NOT EXISTS "testapp_returned_out_item_entry_item_entry_ref1_id_9c4ede54" ON "testapp_returned_out_item_entry" ("item_entry_ref1_id");
CREATE INDEX IF NOT EXISTS "testapp_returned_out_item_entry_rbill_no_ref_id_588132ee" ON "testapp_returned_out_item_entry" ("rbill_no_ref_id");
CREATE INDEX IF NOT EXISTS "testapp_purchase_entry_supplier_ref1_id_e0cd67c5" ON "testapp_purchase_entry" ("supplier_ref1_id");
CREATE INDEX IF NOT EXISTS "testapp_item_entry_supplier_ref_id_60f56232" ON "testapp_item_entry" ("supplier_ref_id");
CREATE INDEX IF NOT EXISTS "testapp_item_entry_purchase_ref_id_9ddcfbbc" ON "testapp_item_entry" ("purchase_ref_id");
CREATE INDEX IF NOT EXISTS "testapp_out_item_entry_bill_no_ref_id_892a8538" ON "testapp_out_item_entry" ("bill_no_ref_id");
CREATE INDEX IF NOT EXISTS "testapp_out_item_entry_item_entry_ref_id_a05fff58" ON "testapp_out_item_entry" ("item_entry_ref_id");
CREATE TABLE IF NOT EXISTS "auth_user_groups" ("id" integer NOT NULL PRIMARY KEY AUTOINCREMENT, "user_id" integer NOT NULL REFERENCES "auth_user" ("id") DEFERRABLE INITIALLY DEFERRED, "group_id" integer NOT NULL REFERENCES "auth_group" ("id") DEFERRABLE INITIALLY DEFERRED);
CREATE UNIQUE INDEX "auth_group_permissions_group_id_permission_id_0cd325b0_uniq" ON "auth_group_permissions" ("group_id", "permission_id");
CREATE INDEX IF NOT EXISTS "auth_group_permissions_group_id_b120cbf9" ON "auth_group_permissions" ("group_id");
CREATE INDEX IF NOT EXISTS "auth_group_permissions_permission_id_84c5c92e" ON "auth_group_permissions" ("permission_id");
CREATE UNIQUE INDEX "auth_user_groups_user_id_group_id_94350c0c_uniq" ON "auth_user_groups" ("user_id", "group_id");
CREATE INDEX IF NOT EXISTS "auth_user_groups_user_id_6a12ed8b" ON "auth_user_groups" ("user_id");
CREATE INDEX IF NOT EXISTS "auth_user_groups_group_id_97559544" ON "auth_user_groups" ("group_id");
CREATE UNIQUE INDEX "auth_user_user_permissions_user_id_permission_id_14a6b632_uniq" ON "auth_user_user_permissions" ("user_id", "permission_id");
CREATE INDEX IF NOT EXISTS "auth_user_user_permissions_user_id_a95ead1b" ON "auth_user_user_permissions" ("user_id");
CREATE INDEX IF NOT EXISTS "auth_user_user_permissions_permission_id_1fbb5f2c" ON "auth_user_user_permissions" ("permission_id");
CREATE INDEX IF NOT EXISTS "django_admin_log_content_type_id_c4bce8eb" ON "django_admin_log" ("content_type_id");
CREATE INDEX IF NOT EXISTS "django_admin_log_user_id_c564eba6" ON "django_admin_log" ("user_id");
CREATE UNIQUE INDEX "django_content_type_app_label_model_76bd3d3b_uniq" ON "django_content_type" ("app_label", "model");
CREATE UNIQUE INDEX "auth_permission_content_type_id_codename_01ab375a_uniq" ON "auth_permission" ("content_type_id", "codename");
CREATE INDEX IF NOT EXISTS "auth_permission_content_type_id_2f476e4b" ON "auth_permission" ("content_type_id");
CREATE INDEX IF NOT EXISTS "django_session_expire_date_a5c62663" ON "django_session" ("expire_date");
CREATE INDEX IF NOT EXISTS "testapp_returned_sell_entry_sell_entry_ref_id_9c1aded3" ON "testapp_returned_sell_entry" ("sell_entry_ref_id");
CREATE INDEX IF NOT EXISTS "testapp_returned_out_item_entry_item_entry_ref1_id_9c4ede54" ON "testapp_returned_out_item_entry" ("item_entry_ref1_id");
CREATE INDEX IF NOT EXISTS "testapp_returned_out_item_entry_rbill_no_ref_id_588132ee" ON "testapp_returned_out_item_entry" ("rbill_no_ref_id");
CREATE INDEX IF NOT EXISTS "testapp_purchase_entry_supplier_ref1_id_e0cd67c5" ON "testapp_purchase_entry" ("supplier_ref1_id");
CREATE INDEX IF NOT EXISTS "testapp_item_entry_supplier_ref_id_60f56232" ON "testapp_item_entry" ("supplier_ref_id");
CREATE INDEX IF NOT EXISTS "testapp_item_entry_purchase_ref_id_9ddcfbbc" ON "testapp_item_entry" ("purchase_ref_id");
CREATE INDEX IF NOT EXISTS "testapp_out_item_entry_bill_no_ref_id_892a8538" ON "testapp_out_item_entry" ("bill_no_ref_id");
CREATE INDEX IF NOT EXISTS "testapp_out_item_entry_item_entry_ref_id_a05fff58" ON "testapp_out_item_entry" ("item_entry_ref_id");
CREATE TABLE IF NOT EXISTS "auth_user_user_permissions" ("id" integer NOT NULL PRIMARY KEY AUTOINCREMENT, "user_id" integer NOT NULL REFERENCES "auth_user" ("id") DEFERRABLE INITIALLY DEFERRED, "permission_id" integer NOT NULL REFERENCES "auth_permission" ("id") DEFERRABLE INITIALLY DEFERRED);
CREATE UNIQUE INDEX "auth_group_permissions_group_id_permission_id_0cd325b0_uniq" ON "auth_group_permissions" ("group_id", "permission_id");
CREATE INDEX IF NOT EXISTS "auth_group_permissions_group_id_b120cbf9" ON "auth_group_permissions" ("group_id");
CREATE INDEX IF NOT EXISTS "auth_group_permissions_permission_id_84c5c92e" ON "auth_group_permissions" ("permission_id");
CREATE UNIQUE INDEX "auth_user_groups_user_id_group_id_94350c0c_uniq" ON "auth_user_groups" ("user_id", "group_id");
CREATE INDEX IF NOT EXISTS "auth_user_groups_user_id_6a12ed8b" ON "auth_user_groups" ("user_id");
CREATE INDEX IF NOT EXISTS "auth_user_groups_group_id_97559544" ON "auth_user_groups" ("group_id");
CREATE UNIQUE INDEX "auth_user_user_permissions_user_id_permission_id_14a6b632_uniq" ON "auth_user_user_permissions" ("user_id", "permission_id");
CREATE INDEX IF NOT EXISTS "auth_user_user_permissions_user_id_a95ead1b" ON "auth_user_user_permissions" ("user_id");
CREATE INDEX IF NOT EXISTS "auth_user_user_permissions_permission_id_1fbb5f2c" ON "auth_user_user_permissions" ("permission_id");
CREATE INDEX IF NOT EXISTS "django_admin_log_content_type_id_c4bce8eb" ON "django_admin_log" ("content_type_id");
CREATE INDEX IF NOT EXISTS "django_admin_log_user_id_c564eba6" ON "django_admin_log" ("user_id");
CREATE UNIQUE INDEX "django_content_type_app_label_model_76bd3d3b_uniq" ON "django_content_type" ("app_label", "model");
CREATE UNIQUE INDEX "auth_permission_content_type_id_codename_01ab375a_uniq" ON "auth_permission" ("content_type_id", "codename");
CREATE INDEX IF NOT EXISTS "auth_permission_content_type_id_2f476e4b" ON "auth_permission" ("content_type_id");
CREATE INDEX IF NOT EXISTS "django_session_expire_date_a5c62663" ON "django_session" ("expire_date");
CREATE INDEX IF NOT EXISTS "testapp_returned_sell_entry_sell_entry_ref_id_9c1aded3" ON "testapp_returned_sell_entry" ("sell_entry_ref_id");
CREATE INDEX IF NOT EXISTS "testapp_returned_out_item_entry_item_entry_ref1_id_9c4ede54" ON "testapp_returned_out_item_entry" ("item_entry_ref1_id");
CREATE INDEX IF NOT EXISTS "testapp_returned_out_item_entry_rbill_no_ref_id_588132ee" ON "testapp_returned_out_item_entry" ("rbill_no_ref_id");
CREATE INDEX IF NOT EXISTS "testapp_purchase_entry_supplier_ref1_id_e0cd67c5" ON "testapp_purchase_entry" ("supplier_ref1_id");
CREATE INDEX IF NOT EXISTS "testapp_item_entry_supplier_ref_id_60f56232" ON "testapp_item_entry" ("supplier_ref_id");
CREATE INDEX IF NOT EXISTS "testapp_item_entry_purchase_ref_id_9ddcfbbc" ON "testapp_item_entry" ("purchase_ref_id");
CREATE INDEX IF NOT EXISTS "testapp_out_item_entry_bill_no_ref_id_892a8538" ON "testapp_out_item_entry" ("bill_no_ref_id");
CREATE INDEX IF NOT EXISTS "testapp_out_item_entry_item_entry_ref_id_a05fff58" ON "testapp_out_item_entry" ("item_entry_ref_id");
CREATE TABLE IF NOT EXISTS "django_admin_log" ("id" integer NOT NULL PRIMARY KEY AUTOINCREMENT, "action_time" datetime NOT NULL, "object_id" text NULL, "object_repr" varchar(200) NOT NULL, "change_message" text NOT NULL, "content_type_id" integer NULL REFERENCES "django_content_type" ("id") DEFERRABLE INITIALLY DEFERRED, "user_id" integer NOT NULL REFERENCES "auth_user" ("id") DEFERRABLE INITIALLY DEFERRED, "action_flag" smallint unsigned NOT NULL CHECK ("action_flag" >= 0));
INSERT INTO "django_admin_log" VALUES(1,'2020-09-17 08:42:10.236110','10','1100 | paracitamol |None','',9,1,3);
INSERT INTO "django_admin_log" VALUES(2,'2020-09-17 08:42:10.357277','9',' |  |None','',9,1,3);
INSERT INTO "django_admin_log" VALUES(3,'2020-09-17 08:42:10.435470','8',' |  |None','',9,1,3);
INSERT INTO "django_admin_log" VALUES(4,'2020-09-17 08:42:10.517203','7',' |  |None','',9,1,3);
INSERT INTO "django_admin_log" VALUES(5,'2020-09-17 08:42:10.590845','6','1100 | paracitamol |None','',9,1,3);
INSERT INTO "django_admin_log" VALUES(6,'2020-09-17 08:42:10.667855','5',' |  |None','',9,1,3);
INSERT INTO "django_admin_log" VALUES(7,'2020-09-17 08:42:10.745509','4',' |  |None','',9,1,3);
INSERT INTO "django_admin_log" VALUES(8,'2020-09-17 08:42:10.810839','3',' |  |None','',9,1,3);
INSERT INTO "django_admin_log" VALUES(9,'2020-09-17 08:42:10.878463','2','1100 | paracitamol |None','',9,1,3);
INSERT INTO "django_admin_log" VALUES(10,'2020-09-17 08:42:10.940527','1','1100 | paracitamol |None','',9,1,3);
INSERT INTO "django_admin_log" VALUES(11,'2020-09-17 09:01:54.724875','12',' |  |None','',9,1,3);
INSERT INTO "django_admin_log" VALUES(12,'2020-09-17 09:02:15.363222','11','1100 | paracitamol |None','',9,1,3);
INSERT INTO "django_admin_log" VALUES(13,'2020-09-17 10:50:57.944330','19','1100 | paracitamol |10','',9,1,3);
INSERT INTO "django_admin_log" VALUES(14,'2020-09-17 10:50:58.095574','18','1100 | paracitamol |10','',9,1,3);
INSERT INTO "django_admin_log" VALUES(15,'2020-09-17 10:50:58.162022','17','1100 | Omez |10','',9,1,3);
INSERT INTO "django_admin_log" VALUES(16,'2020-09-17 10:50:58.229160','16','1100 | paracitamol |10','',9,1,3);
INSERT INTO "django_admin_log" VALUES(17,'2020-09-17 10:50:58.293821','15','1100 | paracitamol |10','',9,1,3);
INSERT INTO "django_admin_log" VALUES(18,'2020-09-17 10:51:09.828304','14','1100 | paracitamol |10','',9,1,3);
INSERT INTO "django_admin_log" VALUES(19,'2020-09-17 10:51:09.986514','13','1100 | paracitamol |None','',9,1,3);
INSERT INTO "django_admin_log" VALUES(20,'2020-09-17 13:02:34.231502','27','1100 | paracitamol |10','',9,1,3);
INSERT INTO "django_admin_log" VALUES(21,'2020-09-17 13:02:34.638882','26','1100 | paracitamol |10','',9,1,3);
INSERT INTO "django_admin_log" VALUES(22,'2020-09-17 13:02:34.726670','24','1100 | paracitamol |10','',9,1,3);
INSERT INTO "django_admin_log" VALUES(23,'2020-09-17 13:02:34.793637','23','1100 | paracitamol |10','',9,1,3);
INSERT INTO "django_admin_log" VALUES(24,'2020-09-17 13:02:34.858737','21','1100 | paracitamol |10','',9,1,3);
INSERT INTO "django_admin_log" VALUES(25,'2020-09-19 13:13:34.257079','45','1101 | Olmesar |10','[{"changed": {"fields": ["Purchase ref"]}}]',9,1,2);
INSERT INTO "django_admin_log" VALUES(26,'2020-09-19 13:13:46.071036','46','1100 | Omez |10','[{"changed": {"fields": ["Purchase ref"]}}]',9,1,2);
INSERT INTO "django_admin_log" VALUES(27,'2020-09-21 07:08:32.724801','1','Customer_Address object (1)','[{"added": {}}]',7,1,1);
INSERT INTO "django_admin_log" VALUES(28,'2020-09-21 07:08:47.634275','2','Customer_Address object (2)','[{"added": {}}]',7,1,1);
INSERT INTO "django_admin_log" VALUES(29,'2020-09-23 07:09:47.022455','1','Out_Item_Entry object (1)','[{"added": {}}]',12,1,1);
INSERT INTO "django_admin_log" VALUES(30,'2020-09-23 07:12:14.882582','1','Sell_Entry object (1)','[{"added": {}}]',11,1,1);
INSERT INTO "django_admin_log" VALUES(31,'2020-09-23 07:12:27.253778','2','Out_Item_Entry object (2)','[{"added": {}}]',12,1,1);
INSERT INTO "django_admin_log" VALUES(32,'2020-09-23 07:15:31.944417','1','Out_Item_Entry object (1)','',12,1,3);
INSERT INTO "django_admin_log" VALUES(33,'2020-09-23 07:16:16.384069','3','Out_Item_Entry object (3)','[{"added": {}}]',12,1,1);
INSERT INTO "django_admin_log" VALUES(34,'2020-09-23 07:25:12.030611','4','Out_Item_Entry object (4)','[{"added": {}}]',12,1,1);
INSERT INTO "django_admin_log" VALUES(35,'2020-09-23 09:48:00.060760','111','111 | 0.00 |None','',11,1,3);
INSERT INTO "django_admin_log" VALUES(36,'2020-09-23 09:48:00.521956','11','11 | 0.00 |None','',11,1,3);
INSERT INTO "django_admin_log" VALUES(37,'2020-09-23 09:48:00.631671','1','1 | 0.00 |2020-09-23','',11,1,3);
INSERT INTO "django_admin_log" VALUES(38,'2020-09-23 10:23:18.540952','444','444 | 0.00 |None','',11,1,3);
INSERT INTO "django_admin_log" VALUES(39,'2020-09-23 10:23:18.733700','333','333 | 1222.00 |None','',11,1,3);
INSERT INTO "django_admin_log" VALUES(40,'2020-09-23 10:23:18.822174','222','222 | 0.00 |None','',11,1,3);
INSERT INTO "django_admin_log" VALUES(41,'2020-09-23 10:23:18.910295','66','66 | 0.00 |None','',11,1,3);
INSERT INTO "django_admin_log" VALUES(42,'2020-09-23 10:23:18.997421','55','55 | 3000.00 |None','',11,1,3);
INSERT INTO "django_admin_log" VALUES(43,'2020-09-23 10:23:19.087604','11','11 | 0.00 |None','',11,1,3);
INSERT INTO "django_admin_log" VALUES(44,'2020-09-24 07:06:31.178467','5','Out_Item_Entry object (5)','',12,1,3);
INSERT INTO "django_admin_log" VALUES(45,'2020-09-24 07:48:18.652661','13','None','',12,1,3);
INSERT INTO "django_admin_log" VALUES(46,'2020-09-24 07:48:19.096458','12','None','',12,1,3);
INSERT INTO "django_admin_log" VALUES(47,'2020-09-24 07:48:19.193497','11','None','',12,1,3);
INSERT INTO "django_admin_log" VALUES(48,'2020-09-24 07:48:19.293259','10','None','',12,1,3);
INSERT INTO "django_admin_log" VALUES(49,'2020-09-24 07:48:19.381786','9','None','',12,1,3);
INSERT INTO "django_admin_log" VALUES(50,'2020-09-24 07:48:19.472159','8','None','',12,1,3);
INSERT INTO "django_admin_log" VALUES(51,'2020-09-24 07:48:19.535244','7','None','',12,1,3);
INSERT INTO "django_admin_log" VALUES(52,'2020-09-24 07:48:19.624938','6','None','',12,1,3);
INSERT INTO "django_admin_log" VALUES(53,'2020-09-24 07:57:56.185763','14','1100 | paracitamol |200','[{"changed": {"fields": ["Bill no ref", "Item entry ref"]}}]',12,1,2);
INSERT INTO "django_admin_log" VALUES(54,'2020-09-24 08:01:40.171368','15','None','',12,1,3);
INSERT INTO "django_admin_log" VALUES(55,'2020-09-24 08:01:40.650023','14','1100 | paracitamol |200','',12,1,3);
INSERT INTO "django_admin_log" VALUES(56,'2020-09-24 08:20:31.415803','17','None','',12,1,3);
INSERT INTO "django_admin_log" VALUES(57,'2020-09-24 08:20:31.855744','16','None','',12,1,3);
INSERT INTO "django_admin_log" VALUES(58,'2020-09-24 08:21:21.530376','20','1100 | Omez |10','',12,1,3);
INSERT INTO "django_admin_log" VALUES(59,'2020-09-24 08:21:21.715218','19','1100 | paracitamol |200','',12,1,3);
INSERT INTO "django_admin_log" VALUES(60,'2020-09-24 08:21:21.788657','18','1100 | paracitamol |200','',12,1,3);
INSERT INTO "django_admin_log" VALUES(61,'2020-09-24 12:02:53.007360','29','1100 | paracitamol |10','',12,1,3);
INSERT INTO "django_admin_log" VALUES(62,'2020-09-24 12:02:53.442736','28','1100 | paracitamol |200','',12,1,3);
INSERT INTO "django_admin_log" VALUES(63,'2020-09-24 12:02:53.540513','27','1100 | Omez |20','',12,1,3);
INSERT INTO "django_admin_log" VALUES(64,'2020-09-24 12:02:53.630679','26','1100 | Omez |20','',12,1,3);
INSERT INTO "django_admin_log" VALUES(65,'2020-09-24 12:02:53.719170','25','1100 | Omez |10','',12,1,3);
INSERT INTO "django_admin_log" VALUES(66,'2020-09-24 12:02:53.795760','24','1100 | paracitamol |200','',12,1,3);
INSERT INTO "django_admin_log" VALUES(67,'2020-09-24 12:02:53.873229','23','1100 | paracitamol |200','',12,1,3);
INSERT INTO "django_admin_log" VALUES(68,'2020-09-24 12:02:53.950505','22','1100 | paracitamol |200','',12,1,3);
INSERT INTO "django_admin_log" VALUES(69,'2020-09-24 12:02:54.050168','21','1100 | Olmesar |10','',12,1,3);
INSERT INTO "django_admin_log" VALUES(70,'2020-09-24 19:00:58.978303','40','1100 | paracitamol |1000','[{"changed": {"fields": ["NumStrips", "Qty in", "Qty available"]}}]',9,1,2);
INSERT INTO "django_admin_log" VALUES(71,'2020-09-25 05:46:17.245658','39','1100 | Omez |10','',12,1,3);
INSERT INTO "django_admin_log" VALUES(72,'2020-09-25 05:46:17.369157','38','1100 | paracitamol |1000','',12,1,3);
INSERT INTO "django_admin_log" VALUES(73,'2020-09-25 05:46:17.468059','37','1100 | paracitamol |1000','',12,1,3);
INSERT INTO "django_admin_log" VALUES(74,'2020-09-25 05:46:17.569050','36','1100 | Omez |20','',12,1,3);
INSERT INTO "django_admin_log" VALUES(75,'2020-09-25 05:46:17.667575','35','1100 | paracitamol |200','',12,1,3);
INSERT INTO "django_admin_log" VALUES(76,'2020-09-25 05:46:17.789841','34','1100 | Omez |10','',12,1,3);
INSERT INTO "django_admin_log" VALUES(77,'2020-09-25 05:46:17.853505','33','1100 | Omez |10','',12,1,3);
INSERT INTO "django_admin_log" VALUES(78,'2020-09-25 05:46:17.944640','32','1100 | Olmesar |10','',12,1,3);
INSERT INTO "django_admin_log" VALUES(79,'2020-09-25 05:46:18.008730','31','1100 | paracitamol |1000','',12,1,3);
INSERT INTO "django_admin_log" VALUES(80,'2020-09-25 05:46:18.121375','30','1100 | paracitamol |200','',12,1,3);
INSERT INTO "django_admin_log" VALUES(81,'2020-09-25 10:29:18.322478','62','1100 | Omez |20','',12,1,3);
INSERT INTO "django_admin_log" VALUES(82,'2020-09-25 10:29:18.770001','61','1100 | Omez |10','',12,1,3);
INSERT INTO "django_admin_log" VALUES(83,'2020-09-25 10:29:18.831977','54','1100 | paracitamol |1000','',12,1,3);
INSERT INTO "django_admin_log" VALUES(84,'2020-09-25 10:29:18.937071','53','1100 | paracitamol |1000','',12,1,3);
INSERT INTO "django_admin_log" VALUES(85,'2020-09-25 10:29:18.999238','52','1100 | paracitamol |1000','',12,1,3);
INSERT INTO "django_admin_log" VALUES(86,'2020-09-25 10:29:19.091665','51','1100 | paracitamol |1000','',12,1,3);
INSERT INTO "django_admin_log" VALUES(87,'2020-09-25 10:29:19.153875','50','1100 | paracitamol |1000','',12,1,3);
INSERT INTO "django_admin_log" VALUES(88,'2020-09-25 10:29:19.245495','49','1100 | paracitamol |1000','',12,1,3);
INSERT INTO "django_admin_log" VALUES(89,'2020-09-25 10:29:19.308767','48','1100 | paracitamol |200','',12,1,3);
INSERT INTO "django_admin_log" VALUES(90,'2020-09-25 10:29:19.422047','47','1100 | paracitamol |1000','',12,1,3);
INSERT INTO "django_admin_log" VALUES(91,'2020-09-25 10:29:19.486514','46','1100 | paracitamol |1000','',12,1,3);
INSERT INTO "django_admin_log" VALUES(92,'2020-09-25 10:29:19.588007','45','1100 | paracitamol |200','',12,1,3);
INSERT INTO "django_admin_log" VALUES(93,'2020-09-25 10:29:19.675860','44','1100 | paracitamol |200','',12,1,3);
INSERT INTO "django_admin_log" VALUES(94,'2020-09-25 10:29:19.765928','43','1100 | paracitamol |200','',12,1,3);
INSERT INTO "django_admin_log" VALUES(95,'2020-09-25 10:29:19.864488','42','1100 | paracitamol |1000','',12,1,3);
INSERT INTO "django_admin_log" VALUES(96,'2020-09-25 10:29:19.954412','41','1100 | paracitamol |200','',12,1,3);
INSERT INTO "django_admin_log" VALUES(97,'2020-09-25 10:29:20.052542','40','1100 | paracitamol |1000','',12,1,3);
INSERT INTO "django_admin_log" VALUES(98,'2020-09-27 11:36:54.537030','888','888 ','[{"changed": {"fields": ["Purchase date"]}}]',11,1,2);
INSERT INTO "django_admin_log" VALUES(99,'2020-09-30 15:39:19.422490','888','888 ','[{"changed": {"fields": ["Status"]}}]',11,1,2);
INSERT INTO "django_admin_log" VALUES(100,'2020-09-30 17:35:16.901122','40','1100 | paracitamol |1000','[{"changed": {"fields": ["Status"]}}]',9,1,2);
INSERT INTO "django_admin_log" VALUES(101,'2020-09-30 17:37:52.377925','40','1100 | paracitamol |1000','',9,1,3);
INSERT INTO "django_admin_log" VALUES(102,'2020-09-30 17:39:04.423136','46','1100 | Omez |10','[{"changed": {"fields": ["Status"]}}]',9,1,2);
INSERT INTO "django_admin_log" VALUES(103,'2020-09-30 17:54:44.464720','45','1101 | Olmesar |10','[{"changed": {"fields": ["Status"]}}]',9,1,2);
INSERT INTO "django_admin_log" VALUES(104,'2020-09-30 17:57:27.828367','39','1100 | Olmesar |10','[{"changed": {"fields": ["Status"]}}]',9,1,2);
INSERT INTO "django_admin_log" VALUES(105,'2020-09-30 17:57:42.358919','38','1100 | paracitamol |200','[{"changed": {"fields": ["Status"]}}]',9,1,2);
INSERT INTO "django_admin_log" VALUES(106,'2020-09-30 17:57:56.988334','47','1100 | Omez |20','[{"changed": {"fields": ["Status"]}}]',9,1,2);
INSERT INTO "django_admin_log" VALUES(107,'2020-09-30 17:58:08.254710','48','1100 | Dolo |20','[{"changed": {"fields": ["Status"]}}]',9,1,2);
INSERT INTO "django_admin_log" VALUES(108,'2020-09-30 17:58:25.715672','46','1100 | Omez |10','[{"changed": {"fields": ["Status"]}}]',9,1,2);
INSERT INTO "django_admin_log" VALUES(109,'2020-09-30 18:56:24.388088','45','1101 | Olmesar |10','[{"changed": {"fields": ["Status"]}}]',9,1,2);
INSERT INTO "django_admin_log" VALUES(110,'2020-09-30 18:56:34.376159','39','1100 | Olmesar |10','[{"changed": {"fields": ["Status"]}}]',9,1,2);
INSERT INTO "django_admin_log" VALUES(111,'2020-09-30 19:01:04.213395','45','1101 | Olmesar |10','[{"changed": {"fields": ["Status"]}}]',9,1,2);
INSERT INTO "django_admin_log" VALUES(112,'2020-09-30 19:04:11.169966','45','1101 | Olmesar |10','[{"changed": {"fields": ["Status"]}}]',9,1,2);
INSERT INTO "django_admin_log" VALUES(113,'2020-09-30 19:04:22.412601','39','1100 | Olmesar |10','[{"changed": {"fields": ["Status"]}}]',9,1,2);
INSERT INTO "django_admin_log" VALUES(114,'2020-10-01 06:57:37.830228','57','1100 | paracitamol |10','',9,1,3);
INSERT INTO "django_admin_log" VALUES(115,'2020-10-01 06:57:38.282375','56','1100 | paracitamol |10','',9,1,3);
INSERT INTO "django_admin_log" VALUES(116,'2020-10-01 06:57:38.371035','54','1100 | paracitamol |100','',9,1,3);
INSERT INTO "django_admin_log" VALUES(117,'2020-10-01 06:57:38.434741','53','1100 | paracitamol |10','',9,1,3);
INSERT INTO "django_admin_log" VALUES(118,'2020-10-01 07:48:08.202418','777','777 ','[{"changed": {"fields": ["Status"]}}]',11,1,2);
INSERT INTO "django_admin_log" VALUES(119,'2020-10-01 08:20:12.711014','777','777 ','[{"changed": {"fields": ["Status"]}}]',11,1,2);
INSERT INTO "django_admin_log" VALUES(120,'2020-10-01 08:47:30.548913','777','777 ','[{"changed": {"fields": ["Status"]}}]',11,1,2);
INSERT INTO "django_admin_log" VALUES(121,'2020-10-01 08:57:24.534687','777','777 ','[{"changed": {"fields": ["Status"]}}]',11,1,2);
INSERT INTO "django_admin_log" VALUES(122,'2020-10-01 09:04:14.066714','777','777 ','[{"changed": {"fields": ["Status"]}}]',11,1,2);
INSERT INTO "django_admin_log" VALUES(123,'2020-10-01 09:44:39.775359','777','777 ','[{"changed": {"fields": ["Status"]}}]',11,1,2);
INSERT INTO "django_admin_log" VALUES(124,'2020-10-01 09:48:47.926045','777','777 ','[{"changed": {"fields": ["Status"]}}]',11,1,2);
INSERT INTO "django_admin_log" VALUES(125,'2020-10-01 10:04:00.163293','777','777 ','[{"changed": {"fields": ["Status"]}}]',11,1,2);
INSERT INTO "django_admin_log" VALUES(126,'2020-10-01 10:48:47.774155','61','1100 | paracitamol |10','',9,1,3);
INSERT INTO "django_admin_log" VALUES(127,'2020-10-01 10:48:48.292416','60','1100 | paracitamol |10','',9,1,3);
INSERT INTO "django_admin_log" VALUES(128,'2020-10-01 10:48:48.399399','59','1100 | paracitamol |10','',9,1,3);
INSERT INTO "django_admin_log" VALUES(129,'2020-10-01 10:49:10.912425','39','1100 | Olmesar |10','',9,1,3);
INSERT INTO "django_admin_log" VALUES(130,'2020-10-01 10:49:27.631166','46','1100 | Omez |20','',9,1,3);
INSERT INTO "django_admin_log" VALUES(131,'2020-10-01 10:50:03.631723','48','1100 | Dolo |20','[{"changed": {"fields": ["Status"]}}]',9,1,2);
INSERT INTO "django_admin_log" VALUES(132,'2020-10-01 10:50:16.331517','47','1100 | Omez |20','[{"changed": {"fields": ["Status"]}}]',9,1,2);
INSERT INTO "django_admin_log" VALUES(133,'2020-10-01 10:50:29.651738','58','1100 | paracitamol |10','[{"changed": {"fields": ["Status"]}}]',9,1,2);
INSERT INTO "django_admin_log" VALUES(134,'2020-10-01 17:31:57.271490','1234566','1234566 | sreenivas','',10,1,3);
INSERT INTO "django_admin_log" VALUES(135,'2020-10-01 17:31:57.697857','123456','123456 | sreenivas','',10,1,3);
INSERT INTO "django_admin_log" VALUES(136,'2020-10-01 17:32:07.847466','5555','5555 | sreenivas','',10,1,3);
INSERT INTO "django_admin_log" VALUES(137,'2020-10-01 17:32:08.016290','4444','4444 | sreenivas','',10,1,3);
INSERT INTO "django_admin_log" VALUES(138,'2020-10-01 17:32:08.117704','2222','2222 | sreenivas','',10,1,3);
INSERT INTO "django_admin_log" VALUES(139,'2020-10-02 08:00:54.691068','78','1100 | Met xl 12.5mg tab |300','[{"changed": {"fields": ["BatchNo"]}}]',9,1,2);
INSERT INTO "django_admin_log" VALUES(140,'2020-10-02 15:00:53.617002','81','1100 | Hifenac mr |500','[{"changed": {"fields": ["Qty available"]}}]',9,1,2);
INSERT INTO "django_admin_log" VALUES(141,'2020-10-02 15:02:44.475856','81','1100 | Hifenac mr |500','[]',9,1,2);
INSERT INTO "django_admin_log" VALUES(142,'2020-10-02 15:06:03.495461','69','1100 | Monocef 1gm inj |100','[{"changed": {"fields": ["Qty available"]}}]',9,1,2);
INSERT INTO "django_admin_log" VALUES(143,'2020-10-02 15:07:24.512722','69','1100 | Monocef 1gm inj |100','[{"changed": {"fields": ["Status"]}}]',9,1,2);
INSERT INTO "django_admin_log" VALUES(144,'2020-10-02 15:08:47.478309','69','1100 | Monocef 1gm inj |100','[]',9,1,2);
INSERT INTO "django_admin_log" VALUES(145,'2020-10-02 15:12:20.630248','7880','7880 ','[{"changed": {"fields": ["Status"]}}]',11,1,2);
INSERT INTO "django_admin_log" VALUES(146,'2020-10-02 15:44:30.072751','7880','7880 ','[{"changed": {"fields": ["Status"]}}]',11,1,2);
INSERT INTO "django_admin_log" VALUES(147,'2020-10-02 17:09:55.767560','7880','7880 ','[{"changed": {"fields": ["Status"]}}]',11,1,2);
INSERT INTO "django_admin_log" VALUES(148,'2020-10-03 02:07:41.313788','7880','7880 ','[{"changed": {"fields": ["Status"]}}]',11,1,2);
INSERT INTO "django_admin_log" VALUES(149,'2020-10-04 17:48:55.501050','7881','7881 ','[{"changed": {"fields": ["Status"]}}]',11,1,2);
INSERT INTO "django_admin_log" VALUES(150,'2020-10-04 17:53:02.255228','7881','7881 ','[{"changed": {"fields": ["Mode of payment"]}}]',11,1,2);
INSERT INTO "django_admin_log" VALUES(151,'2020-10-04 17:53:11.101302','7881','7881 ','[]',11,1,2);
INSERT INTO "django_admin_log" VALUES(152,'2020-10-05 07:38:15.920943','7881','7881 ','[{"changed": {"fields": ["Tx id reference"]}}]',11,1,2);
INSERT INTO "django_admin_log" VALUES(153,'2020-10-05 17:21:06.281432','7881','7881 ','[{"changed": {"fields": ["Paid by cash"]}}]',11,1,2);
INSERT INTO "django_admin_log" VALUES(154,'2020-10-06 05:09:38.403540','111','111  ','[{"added": {}}]',13,1,1);
INSERT INTO "django_admin_log" VALUES(155,'2020-10-06 07:23:49.009114','114','114  ','',13,1,3);
INSERT INTO "django_admin_log" VALUES(156,'2020-10-06 07:23:49.190669','113','113  ','',13,1,3);
INSERT INTO "django_admin_log" VALUES(157,'2020-10-06 07:23:49.333304','112','112  ','',13,1,3);
INSERT INTO "django_admin_log" VALUES(158,'2020-10-06 07:23:49.407298','111','111  ','',13,1,3);
INSERT INTO "django_admin_log" VALUES(159,'2020-10-06 08:26:05.860405','1','None','[{"added": {}}]',14,1,1);
INSERT INTO "django_admin_log" VALUES(160,'2020-10-06 08:26:24.539130','1','None','',14,1,3);
INSERT INTO "django_admin_log" VALUES(161,'2020-10-06 15:29:30.326881','5','1100 | Omez |20','',14,1,3);
INSERT INTO "django_admin_log" VALUES(162,'2020-10-06 15:29:30.799489','4','1100 | Omez |20','',14,1,3);
INSERT INTO "django_admin_log" VALUES(163,'2020-10-06 15:29:30.899168','3','1100 | Omez |20','',14,1,3);
INSERT INTO "django_admin_log" VALUES(164,'2020-10-06 15:29:30.978991','2','1100 | Omez |20','',14,1,3);
INSERT INTO "django_admin_log" VALUES(165,'2020-10-07 11:23:21.339507','20','1100 | Omez |20','',14,1,3);
INSERT INTO "django_admin_log" VALUES(166,'2020-10-07 11:23:21.475278','19','1100 | Omez |20','',14,1,3);
INSERT INTO "django_admin_log" VALUES(167,'2020-10-07 11:23:21.573464','18','1100 | Omez |20','',14,1,3);
INSERT INTO "django_admin_log" VALUES(168,'2020-10-07 11:23:21.639249','17','1100 | Omez |20','',14,1,3);
INSERT INTO "django_admin_log" VALUES(169,'2020-10-07 11:23:21.729382','16','1100 | Omez |20','',14,1,3);
INSERT INTO "django_admin_log" VALUES(170,'2020-10-07 11:23:21.829421','15','1100 | Omez |20','',14,1,3);
INSERT INTO "django_admin_log" VALUES(171,'2020-10-07 11:23:34.067963','12','1100 | Omez |20','',14,1,3);
INSERT INTO "django_admin_log" VALUES(172,'2020-10-07 11:23:34.214043','8','1100 | Omez |20','',14,1,3);
INSERT INTO "django_admin_log" VALUES(173,'2020-10-07 11:23:34.316450','7','1100 | Omez |20','',14,1,3);
INSERT INTO "django_admin_log" VALUES(174,'2020-10-07 11:23:34.379167','6','1100 | Omez |20','',14,1,3);
INSERT INTO "django_admin_log" VALUES(175,'2020-10-07 11:23:43.927404','24','1100 | Omez |20','',14,1,3);
INSERT INTO "django_admin_log" VALUES(176,'2020-10-07 11:23:44.193789','23','1100 | Omez |20','',14,1,3);
INSERT INTO "django_admin_log" VALUES(177,'2020-10-07 11:23:44.292661','22','1100 | Omez |20','',14,1,3);
INSERT INTO "django_admin_log" VALUES(178,'2020-10-07 11:23:44.392196','14','1100 | Omez |20','',14,1,3);
INSERT INTO "django_admin_log" VALUES(179,'2020-10-07 11:23:44.491502','13','1100 | Omez |20','',14,1,3);
INSERT INTO "django_admin_log" VALUES(180,'2020-10-08 03:10:42.350556','31','1100 | Omez |20','[{"changed": {"fields": ["Rbill no ref"]}}]',14,1,2);
INSERT INTO "django_admin_log" VALUES(181,'2020-10-17 16:52:37.443437','89','1100 | Monocef-1gm inj |3','[{"changed": {"fields": ["Status"]}}]',9,1,2);
INSERT INTO "django_admin_log" VALUES(182,'2020-10-17 16:52:52.853810','9898','9898 | sreenivas','[{"changed": {"fields": ["Status"]}}]',10,1,2);
INSERT INTO "django_admin_log" VALUES(183,'2020-10-18 11:34:16.130036','7882','7882 |sreenivas','[{"changed": {"fields": ["Status", "Paid by card"]}}]',11,1,2);
INSERT INTO "django_admin_log" VALUES(184,'2020-10-18 11:35:36.006064','7882','7882 |sreenivas','[{"changed": {"fields": ["Status", "Paid by cash"]}}]',11,1,2);
INSERT INTO "django_admin_log" VALUES(185,'2020-10-18 11:38:01.818223','7882','7882 |sreenivas','[{"changed": {"fields": ["Status"]}}]',11,1,2);
INSERT INTO "django_admin_log" VALUES(186,'2020-10-18 12:06:45.965940','7882','7882 |sreenivas','[{"changed": {"fields": ["Status"]}}]',11,1,2);
INSERT INTO "django_admin_log" VALUES(187,'2020-10-18 12:18:12.547973','7882','7882 |sreenivas','[{"changed": {"fields": ["Status"]}}]',11,1,2);
INSERT INTO "django_admin_log" VALUES(188,'2020-10-18 12:22:18.961320','7882','7882 |sreenivas','[{"changed": {"fields": ["Status"]}}]',11,1,2);
INSERT INTO "django_admin_log" VALUES(189,'2020-10-18 12:25:56.205028','7882','7882 |sreenivas','[{"changed": {"fields": ["Status"]}}]',11,1,2);
INSERT INTO "django_admin_log" VALUES(190,'2020-10-18 12:28:30.196410','7882','7882 |sreenivas','[{"changed": {"fields": ["Status"]}}]',11,1,2);
INSERT INTO "django_admin_log" VALUES(191,'2020-10-18 12:30:45.319827','7882','7882 |sreenivas','[{"changed": {"fields": ["Status"]}}]',11,1,2);
INSERT INTO "django_admin_log" VALUES(192,'2020-10-18 12:42:20.969979','7882','7882 |sreenivas','[{"changed": {"fields": ["Status"]}}]',11,1,2);
INSERT INTO "django_admin_log" VALUES(193,'2020-10-18 12:42:34.753804','115','1100 | Dolo |20','[{"changed": {"fields": ["Status"]}}]',12,1,2);
INSERT INTO "django_admin_log" VALUES(194,'2020-10-18 12:42:42.126656','114','1100 | Omez |20','[{"changed": {"fields": ["Status"]}}]',12,1,2);
INSERT INTO "django_admin_log" VALUES(195,'2020-10-18 12:45:59.266822','115','1100 | Dolo |20','[{"changed": {"fields": ["Status"]}}]',12,1,2);
INSERT INTO "django_admin_log" VALUES(196,'2020-10-18 12:46:04.481707','114','1100 | Omez |20','[{"changed": {"fields": ["Status"]}}]',12,1,2);
INSERT INTO "django_admin_log" VALUES(197,'2020-10-18 12:46:17.067776','7882','7882 |sreenivas','[{"changed": {"fields": ["Status"]}}]',11,1,2);
INSERT INTO "django_admin_log" VALUES(198,'2020-10-18 12:48:50.119218','7882','7882 |sreenivas','[{"changed": {"fields": ["Status"]}}]',11,1,2);
INSERT INTO "django_admin_log" VALUES(199,'2020-10-18 12:49:09.003152','115','1100 | Dolo |20','[{"changed": {"fields": ["Status"]}}]',12,1,2);
INSERT INTO "django_admin_log" VALUES(200,'2020-10-18 12:49:16.641315','114','1100 | Omez |20','[{"changed": {"fields": ["Status"]}}]',12,1,2);
INSERT INTO "django_admin_log" VALUES(201,'2020-10-18 12:54:48.230224','7882','7882 |sreenivas','[{"changed": {"fields": ["Status"]}}]',11,1,2);
INSERT INTO "django_admin_log" VALUES(202,'2020-10-18 12:59:07.263305','7882','7882 |sreenivas','[{"changed": {"fields": ["Status"]}}]',11,1,2);
INSERT INTO "django_admin_log" VALUES(203,'2020-10-18 13:04:46.023285','7882','7882 |sreenivas','[{"changed": {"fields": ["Status"]}}]',11,1,2);
CREATE UNIQUE INDEX "auth_group_permissions_group_id_permission_id_0cd325b0_uniq" ON "auth_group_permissions" ("group_id", "permission_id");
CREATE INDEX IF NOT EXISTS "auth_group_permissions_group_id_b120cbf9" ON "auth_group_permissions" ("group_id");
CREATE INDEX IF NOT EXISTS "auth_group_permissions_permission_id_84c5c92e" ON "auth_group_permissions" ("permission_id");
CREATE UNIQUE INDEX "auth_user_groups_user_id_group_id_94350c0c_uniq" ON "auth_user_groups" ("user_id", "group_id");
CREATE INDEX IF NOT EXISTS "auth_user_groups_user_id_6a12ed8b" ON "auth_user_groups" ("user_id");
CREATE INDEX IF NOT EXISTS "auth_user_groups_group_id_97559544" ON "auth_user_groups" ("group_id");
CREATE UNIQUE INDEX "auth_user_user_permissions_user_id_permission_id_14a6b632_uniq" ON "auth_user_user_permissions" ("user_id", "permission_id");
CREATE INDEX IF NOT EXISTS "auth_user_user_permissions_user_id_a95ead1b" ON "auth_user_user_permissions" ("user_id");
CREATE INDEX IF NOT EXISTS "auth_user_user_permissions_permission_id_1fbb5f2c" ON "auth_user_user_permissions" ("permission_id");
CREATE INDEX IF NOT EXISTS "django_admin_log_content_type_id_c4bce8eb" ON "django_admin_log" ("content_type_id");
CREATE INDEX IF NOT EXISTS "django_admin_log_user_id_c564eba6" ON "django_admin_log" ("user_id");
CREATE UNIQUE INDEX "django_content_type_app_label_model_76bd3d3b_uniq" ON "django_content_type" ("app_label", "model");
CREATE UNIQUE INDEX "auth_permission_content_type_id_codename_01ab375a_uniq" ON "auth_permission" ("content_type_id", "codename");
CREATE INDEX IF NOT EXISTS "auth_permission_content_type_id_2f476e4b" ON "auth_permission" ("content_type_id");
CREATE INDEX IF NOT EXISTS "django_session_expire_date_a5c62663" ON "django_session" ("expire_date");
CREATE INDEX IF NOT EXISTS "testapp_returned_sell_entry_sell_entry_ref_id_9c1aded3" ON "testapp_returned_sell_entry" ("sell_entry_ref_id");
CREATE INDEX IF NOT EXISTS "testapp_returned_out_item_entry_item_entry_ref1_id_9c4ede54" ON "testapp_returned_out_item_entry" ("item_entry_ref1_id");
CREATE INDEX IF NOT EXISTS "testapp_returned_out_item_entry_rbill_no_ref_id_588132ee" ON "testapp_returned_out_item_entry" ("rbill_no_ref_id");
CREATE INDEX IF NOT EXISTS "testapp_purchase_entry_supplier_ref1_id_e0cd67c5" ON "testapp_purchase_entry" ("supplier_ref1_id");
CREATE INDEX IF NOT EXISTS "testapp_item_entry_supplier_ref_id_60f56232" ON "testapp_item_entry" ("supplier_ref_id");
CREATE INDEX IF NOT EXISTS "testapp_item_entry_purchase_ref_id_9ddcfbbc" ON "testapp_item_entry" ("purchase_ref_id");
CREATE INDEX IF NOT EXISTS "testapp_out_item_entry_bill_no_ref_id_892a8538" ON "testapp_out_item_entry" ("bill_no_ref_id");
CREATE INDEX IF NOT EXISTS "testapp_out_item_entry_item_entry_ref_id_a05fff58" ON "testapp_out_item_entry" ("item_entry_ref_id");
CREATE TABLE IF NOT EXISTS "django_content_type" ("id" integer NOT NULL PRIMARY KEY AUTOINCREMENT, "app_label" varchar(100) NOT NULL, "model" varchar(100) NOT NULL);
INSERT INTO "django_content_type" VALUES(1,'admin','logentry');
INSERT INTO "django_content_type" VALUES(2,'auth','permission');
INSERT INTO "django_content_type" VALUES(3,'auth','group');
INSERT INTO "django_content_type" VALUES(4,'auth','user');
INSERT INTO "django_content_type" VALUES(5,'contenttypes','contenttype');
INSERT INTO "django_content_type" VALUES(6,'sessions','session');
INSERT INTO "django_content_type" VALUES(7,'testapp','customer_address');
INSERT INTO "django_content_type" VALUES(8,'testapp','supplier_address');
INSERT INTO "django_content_type" VALUES(9,'testapp','item_entry');
INSERT INTO "django_content_type" VALUES(10,'testapp','purchase_entry');
INSERT INTO "django_content_type" VALUES(11,'testapp','sell_entry');
INSERT INTO "django_content_type" VALUES(12,'testapp','out_item_entry');
INSERT INTO "django_content_type" VALUES(13,'testapp','returned_sell_entry');
INSERT INTO "django_content_type" VALUES(14,'testapp','returned_out_item_entry');
CREATE UNIQUE INDEX "auth_group_permissions_group_id_permission_id_0cd325b0_uniq" ON "auth_group_permissions" ("group_id", "permission_id");
CREATE INDEX IF NOT EXISTS "auth_group_permissions_group_id_b120cbf9" ON "auth_group_permissions" ("group_id");
CREATE INDEX IF NOT EXISTS "auth_group_permissions_permission_id_84c5c92e" ON "auth_group_permissions" ("permission_id");
CREATE UNIQUE INDEX "auth_user_groups_user_id_group_id_94350c0c_uniq" ON "auth_user_groups" ("user_id", "group_id");
CREATE INDEX IF NOT EXISTS "auth_user_groups_user_id_6a12ed8b" ON "auth_user_groups" ("user_id");
CREATE INDEX IF NOT EXISTS "auth_user_groups_group_id_97559544" ON "auth_user_groups" ("group_id");
CREATE UNIQUE INDEX "auth_user_user_permissions_user_id_permission_id_14a6b632_uniq" ON "auth_user_user_permissions" ("user_id", "permission_id");
CREATE INDEX IF NOT EXISTS "auth_user_user_permissions_user_id_a95ead1b" ON "auth_user_user_permissions" ("user_id");
CREATE INDEX IF NOT EXISTS "auth_user_user_permissions_permission_id_1fbb5f2c" ON "auth_user_user_permissions" ("permission_id");
CREATE INDEX IF NOT EXISTS "django_admin_log_content_type_id_c4bce8eb" ON "django_admin_log" ("content_type_id");
CREATE INDEX IF NOT EXISTS "django_admin_log_user_id_c564eba6" ON "django_admin_log" ("user_id");
CREATE UNIQUE INDEX "django_content_type_app_label_model_76bd3d3b_uniq" ON "django_content_type" ("app_label", "model");
CREATE UNIQUE INDEX "auth_permission_content_type_id_codename_01ab375a_uniq" ON "auth_permission" ("content_type_id", "codename");
CREATE INDEX IF NOT EXISTS "auth_permission_content_type_id_2f476e4b" ON "auth_permission" ("content_type_id");
CREATE INDEX IF NOT EXISTS "django_session_expire_date_a5c62663" ON "django_session" ("expire_date");
CREATE INDEX IF NOT EXISTS "testapp_returned_sell_entry_sell_entry_ref_id_9c1aded3" ON "testapp_returned_sell_entry" ("sell_entry_ref_id");
CREATE INDEX IF NOT EXISTS "testapp_returned_out_item_entry_item_entry_ref1_id_9c4ede54" ON "testapp_returned_out_item_entry" ("item_entry_ref1_id");
CREATE INDEX IF NOT EXISTS "testapp_returned_out_item_entry_rbill_no_ref_id_588132ee" ON "testapp_returned_out_item_entry" ("rbill_no_ref_id");
CREATE INDEX IF NOT EXISTS "testapp_purchase_entry_supplier_ref1_id_e0cd67c5" ON "testapp_purchase_entry" ("supplier_ref1_id");
CREATE INDEX IF NOT EXISTS "testapp_item_entry_supplier_ref_id_60f56232" ON "testapp_item_entry" ("supplier_ref_id");
CREATE INDEX IF NOT EXISTS "testapp_item_entry_purchase_ref_id_9ddcfbbc" ON "testapp_item_entry" ("purchase_ref_id");
CREATE INDEX IF NOT EXISTS "testapp_out_item_entry_bill_no_ref_id_892a8538" ON "testapp_out_item_entry" ("bill_no_ref_id");
CREATE INDEX IF NOT EXISTS "testapp_out_item_entry_item_entry_ref_id_a05fff58" ON "testapp_out_item_entry" ("item_entry_ref_id");
CREATE TABLE IF NOT EXISTS "django_migrations" ("id" integer NOT NULL PRIMARY KEY AUTOINCREMENT, "app" varchar(255) NOT NULL, "name" varchar(255) NOT NULL, "applied" datetime NOT NULL);
INSERT INTO "django_migrations" VALUES(1,'contenttypes','0001_initial','2020-09-16 19:02:47.583173');
INSERT INTO "django_migrations" VALUES(2,'auth','0001_initial','2020-09-16 19:02:47.678244');
INSERT INTO "django_migrations" VALUES(3,'admin','0001_initial','2020-09-16 19:02:47.763634');
INSERT INTO "django_migrations" VALUES(4,'admin','0002_logentry_remove_auto_add','2020-09-16 19:02:47.853486');
INSERT INTO "django_migrations" VALUES(5,'admin','0003_logentry_add_action_flag_choices','2020-09-16 19:02:47.950309');
INSERT INTO "django_migrations" VALUES(6,'contenttypes','0002_remove_content_type_name','2020-09-16 19:02:48.043493');
INSERT INTO "django_migrations" VALUES(7,'auth','0002_alter_permission_name_max_length','2020-09-16 19:02:48.132834');
INSERT INTO "django_migrations" VALUES(8,'auth','0003_alter_user_email_max_length','2020-09-16 19:02:48.254040');
INSERT INTO "django_migrations" VALUES(9,'auth','0004_alter_user_username_opts','2020-09-16 19:02:48.357580');
INSERT INTO "django_migrations" VALUES(10,'auth','0005_alter_user_last_login_null','2020-09-16 19:02:48.464223');
INSERT INTO "django_migrations" VALUES(11,'auth','0006_require_contenttypes_0002','2020-09-16 19:02:48.560540');
INSERT INTO "django_migrations" VALUES(12,'auth','0007_alter_validators_add_error_messages','2020-09-16 19:02:48.661726');
INSERT INTO "django_migrations" VALUES(13,'auth','0008_alter_user_username_max_length','2020-09-16 19:02:48.769846');
INSERT INTO "django_migrations" VALUES(14,'auth','0009_alter_user_last_name_max_length','2020-09-16 19:02:48.859994');
INSERT INTO "django_migrations" VALUES(15,'auth','0010_alter_group_name_max_length','2020-09-16 19:02:48.965204');
INSERT INTO "django_migrations" VALUES(16,'auth','0011_update_proxy_permissions','2020-09-16 19:02:49.065158');
INSERT INTO "django_migrations" VALUES(17,'sessions','0001_initial','2020-09-16 19:02:49.138013');
INSERT INTO "django_migrations" VALUES(18,'testapp','0001_initial','2020-09-16 19:13:14.538095');
INSERT INTO "django_migrations" VALUES(19,'testapp','0002_item_entry_purchase_entry','2020-09-16 19:15:22.759432');
INSERT INTO "django_migrations" VALUES(20,'testapp','0003_auto_20200917_0053','2020-09-16 19:23:49.268870');
INSERT INTO "django_migrations" VALUES(21,'testapp','0004_auto_20200917_0057','2020-09-16 19:27:08.278204');
INSERT INTO "django_migrations" VALUES(22,'testapp','0005_auto_20200917_1540','2020-09-17 10:10:54.960572');
INSERT INTO "django_migrations" VALUES(23,'testapp','0006_auto_20200918_2337','2020-09-18 18:07:36.821114');
INSERT INTO "django_migrations" VALUES(24,'testapp','0007_item_entry_purchase_ref','2020-09-19 13:08:14.269368');
INSERT INTO "django_migrations" VALUES(25,'testapp','0008_auto_20200921_1203','2020-09-21 06:33:53.592225');
INSERT INTO "django_migrations" VALUES(26,'testapp','0009_auto_20200921_1232','2020-09-21 07:06:35.597997');
INSERT INTO "django_migrations" VALUES(27,'testapp','0010_sell_entry','2020-09-21 07:06:35.774608');
INSERT INTO "django_migrations" VALUES(28,'testapp','0011_sell_entry_customer_address_ptr','2020-09-21 07:07:14.318686');
INSERT INTO "django_migrations" VALUES(29,'testapp','0012_auto_20200923_1111','2020-09-23 05:41:41.625700');
INSERT INTO "django_migrations" VALUES(30,'testapp','0013_auto_20200926_0949','2020-09-26 04:20:05.559299');
INSERT INTO "django_migrations" VALUES(31,'testapp','0014_auto_20200926_0950','2020-09-26 04:20:31.028037');
INSERT INTO "django_migrations" VALUES(32,'testapp','0015_auto_20200926_1013','2020-09-26 04:43:26.054166');
INSERT INTO "django_migrations" VALUES(33,'testapp','0016_item_entry_low_stock_ind_status','2020-09-26 05:55:35.018689');
INSERT INTO "django_migrations" VALUES(34,'testapp','0017_customer_address_hospital_id','2020-09-29 17:06:37.425773');
INSERT INTO "django_migrations" VALUES(35,'testapp','0018_sell_entry_status','2020-09-30 14:24:31.950326');
INSERT INTO "django_migrations" VALUES(36,'testapp','0019_item_entry_status','2020-09-30 17:26:30.046194');
INSERT INTO "django_migrations" VALUES(37,'testapp','0020_auto_20200930_2308','2020-09-30 17:38:23.322905');
INSERT INTO "django_migrations" VALUES(38,'testapp','0021_auto_20200930_2326','2020-09-30 17:56:59.835044');
INSERT INTO "django_migrations" VALUES(39,'testapp','0022_item_entry_sch','2020-10-01 05:18:09.486479');
INSERT INTO "django_migrations" VALUES(40,'testapp','0023_auto_20201001_1416','2020-10-01 08:46:58.387797');
INSERT INTO "django_migrations" VALUES(41,'testapp','0024_auto_20201001_1533','2020-10-01 10:03:28.761447');
INSERT INTO "django_migrations" VALUES(42,'testapp','0025_auto_20201001_1551','2020-10-01 10:23:05.022665');
INSERT INTO "django_migrations" VALUES(43,'testapp','0026_auto_20201001_1552','2020-10-01 10:23:05.212195');
INSERT INTO "django_migrations" VALUES(44,'testapp','0027_auto_20201001_1917','2020-10-01 13:47:58.397956');
INSERT INTO "django_migrations" VALUES(45,'testapp','0028_auto_20201001_2143','2020-10-01 16:13:43.142707');
INSERT INTO "django_migrations" VALUES(46,'testapp','0029_auto_20201002_0008','2020-10-01 18:38:59.815085');
INSERT INTO "django_migrations" VALUES(47,'testapp','0030_auto_20201002_0010','2020-10-01 18:40:36.872345');
INSERT INTO "django_migrations" VALUES(48,'testapp','0031_auto_20201002_1453','2020-10-02 09:24:08.261740');
INSERT INTO "django_migrations" VALUES(49,'testapp','0032_item_entry_purchase_rate','2020-10-02 09:25:46.843351');
INSERT INTO "django_migrations" VALUES(50,'testapp','0033_item_entry_disc_amount','2020-10-02 11:15:05.676257');
INSERT INTO "django_migrations" VALUES(51,'testapp','0034_auto_20201004_2301','2020-10-04 17:32:27.385960');
INSERT INTO "django_migrations" VALUES(52,'testapp','0035_auto_20201004_2320','2020-10-04 17:50:06.478604');
INSERT INTO "django_migrations" VALUES(53,'testapp','0036_auto_20201005_1305','2020-10-05 07:35:45.337799');
INSERT INTO "django_migrations" VALUES(54,'testapp','0037_auto_20201006_0842','2020-10-06 03:13:14.570424');
INSERT INTO "django_migrations" VALUES(55,'testapp','0038_auto_20201006_1102','2020-10-06 05:32:25.834487');
INSERT INTO "django_migrations" VALUES(56,'testapp','0039_auto_20201017_0113','2020-10-16 19:43:45.010378');
INSERT INTO "django_migrations" VALUES(57,'testapp','0040_purchase_entry_adjustment','2020-10-17 12:14:06.658207');
INSERT INTO "django_migrations" VALUES(58,'testapp','0041_auto_20201017_2029','2020-10-17 15:00:01.579605');
INSERT INTO "django_migrations" VALUES(59,'testapp','0042_sell_entry_return_cash','2020-10-18 11:06:40.430068');
INSERT INTO "django_migrations" VALUES(60,'testapp','0043_auto_20201018_1732','2020-10-18 12:02:12.579306');
CREATE UNIQUE INDEX "auth_group_permissions_group_id_permission_id_0cd325b0_uniq" ON "auth_group_permissions" ("group_id", "permission_id");
CREATE INDEX IF NOT EXISTS "auth_group_permissions_group_id_b120cbf9" ON "auth_group_permissions" ("group_id");
CREATE INDEX IF NOT EXISTS "auth_group_permissions_permission_id_84c5c92e" ON "auth_group_permissions" ("permission_id");
CREATE UNIQUE INDEX "auth_user_groups_user_id_group_id_94350c0c_uniq" ON "auth_user_groups" ("user_id", "group_id");
CREATE INDEX IF NOT EXISTS "auth_user_groups_user_id_6a12ed8b" ON "auth_user_groups" ("user_id");
CREATE INDEX IF NOT EXISTS "auth_user_groups_group_id_97559544" ON "auth_user_groups" ("group_id");
CREATE UNIQUE INDEX "auth_user_user_permissions_user_id_permission_id_14a6b632_uniq" ON "auth_user_user_permissions" ("user_id", "permission_id");
CREATE INDEX IF NOT EXISTS "auth_user_user_permissions_user_id_a95ead1b" ON "auth_user_user_permissions" ("user_id");
CREATE INDEX IF NOT EXISTS "auth_user_user_permissions_permission_id_1fbb5f2c" ON "auth_user_user_permissions" ("permission_id");
CREATE INDEX IF NOT EXISTS "django_admin_log_content_type_id_c4bce8eb" ON "django_admin_log" ("content_type_id");
CREATE INDEX IF NOT EXISTS "django_admin_log_user_id_c564eba6" ON "django_admin_log" ("user_id");
CREATE UNIQUE INDEX "django_content_type_app_label_model_76bd3d3b_uniq" ON "django_content_type" ("app_label", "model");
CREATE UNIQUE INDEX "auth_permission_content_type_id_codename_01ab375a_uniq" ON "auth_permission" ("content_type_id", "codename");
CREATE INDEX IF NOT EXISTS "auth_permission_content_type_id_2f476e4b" ON "auth_permission" ("content_type_id");
CREATE INDEX IF NOT EXISTS "django_session_expire_date_a5c62663" ON "django_session" ("expire_date");
CREATE INDEX IF NOT EXISTS "testapp_returned_sell_entry_sell_entry_ref_id_9c1aded3" ON "testapp_returned_sell_entry" ("sell_entry_ref_id");
CREATE INDEX IF NOT EXISTS "testapp_returned_out_item_entry_item_entry_ref1_id_9c4ede54" ON "testapp_returned_out_item_entry" ("item_entry_ref1_id");
CREATE INDEX IF NOT EXISTS "testapp_returned_out_item_entry_rbill_no_ref_id_588132ee" ON "testapp_returned_out_item_entry" ("rbill_no_ref_id");
CREATE INDEX IF NOT EXISTS "testapp_purchase_entry_supplier_ref1_id_e0cd67c5" ON "testapp_purchase_entry" ("supplier_ref1_id");
CREATE INDEX IF NOT EXISTS "testapp_item_entry_supplier_ref_id_60f56232" ON "testapp_item_entry" ("supplier_ref_id");
CREATE INDEX IF NOT EXISTS "testapp_item_entry_purchase_ref_id_9ddcfbbc" ON "testapp_item_entry" ("purchase_ref_id");
CREATE INDEX IF NOT EXISTS "testapp_out_item_entry_bill_no_ref_id_892a8538" ON "testapp_out_item_entry" ("bill_no_ref_id");
CREATE INDEX IF NOT EXISTS "testapp_out_item_entry_item_entry_ref_id_a05fff58" ON "testapp_out_item_entry" ("item_entry_ref_id");
CREATE TABLE IF NOT EXISTS "django_session" ("session_key" varchar(40) NOT NULL PRIMARY KEY, "session_data" text NOT NULL, "expire_date" datetime NOT NULL);
INSERT INTO "django_session" VALUES('7nkzps8j1ph64pepj2dm8c76a98eieqe','OTkwNmE1ZDg3YTEyMmNkMDk0YTQ1NmFkNzVlMGJkYWM4NWNmZTdhNjp7Il9hdXRoX3VzZXJfaWQiOiIxIiwiX2F1dGhfdXNlcl9iYWNrZW5kIjoiZGphbmdvLmNvbnRyaWIuYXV0aC5iYWNrZW5kcy5Nb2RlbEJhY2tlbmQiLCJfYXV0aF91c2VyX2hhc2giOiIyOTk2MjM4Yzg2OTJlOTU4YTc0YTk5ZGY5MmQ3ZjJkOTRjMTJlNWQwIn0=','2020-10-02 08:02:57.742497');
INSERT INTO "django_session" VALUES('ivppn5wzkpwe8on8r1czra7mm8i6dpsg','ZWNkNjkxZjFjMTc0NDA5MGU4YWU0ZjE0M2UxMzEwMmU5YjI2MzhhYzp7Il9hdXRoX3VzZXJfaWQiOiIxIiwiX2F1dGhfdXNlcl9iYWNrZW5kIjoiZGphbmdvLmNvbnRyaWIuYXV0aC5iYWNrZW5kcy5Nb2RlbEJhY2tlbmQiLCJfYXV0aF91c2VyX2hhc2giOiIyOTk2MjM4Yzg2OTJlOTU4YTc0YTk5ZGY5MmQ3ZjJkOTRjMTJlNWQwIiwibGRpY3QiOlt7ImlkIjozOCwidGFic1JlcSI6MTAsIml0ZW1fY29kZSI6IjExMDAiLCJpdGVtX25hbWUiOiJwYXJhY2l0YW1vbCIsInByaW50X25hbWUiOiIxMG1nIE9tZXoiLCJNZmRfYnkiOiJ4eXogc3VwcGxpZXIiLCJNUlAiOiIwLjAwMDAwIiwiQmF0Y2hObyI6MCwiTWZkX2RhdGUiOiIyMDIwLTA5LTE4IiwiRXhwX2RhdGUiOiIyMDIwLTA5LTE4Iiwic2VsbF9jb3N0X3Blcl91bml0IjoiMi4wMCIsIlF0eV9pbiI6MjAwLCJRdHlfYXZhaWxhYmxlIjoxODAsIkRpc2NvdW50X3BlciI6IjAuMDAifSx7ImlkIjo0MCwidGFic1JlcSI6MTAsIml0ZW1fY29kZSI6IjExMDAiLCJpdGVtX25hbWUiOiJwYXJhY2l0YW1vbCIsInByaW50X25hbWUiOiI1MDBtZyBwYXJhY2V0YW1vbCIsIk1mZF9ieSI6ImNpcGxhIiwiTVJQIjoiMC4wMDAwMCIsIkJhdGNoTm8iOjExMSwiTWZkX2RhdGUiOiIyMDIwLTA5LTEyIiwiRXhwX2RhdGUiOiIyMDIwLTA5LTI1Iiwic2VsbF9jb3N0X3Blcl91bml0IjoiMi4wMCIsIlF0eV9pbiI6MTAsIlF0eV9hdmFpbGFibGUiOjUsIkRpc2NvdW50X3BlciI6IjAuMDAifSx7ImlkIjozOCwidGFic1JlcSI6MTAsIml0ZW1fY29kZSI6IjExMDAiLCJpdGVtX25hbWUiOiJwYXJhY2l0YW1vbCIsInByaW50X25hbWUiOiIxMG1nIE9tZXoiLCJNZmRfYnkiOiJ4eXogc3VwcGxpZXIiLCJNUlAiOiIwLjAwMDAwIiwiQmF0Y2hObyI6MCwiTWZkX2RhdGUiOiIyMDIwLTA5LTE4IiwiRXhwX2RhdGUiOiIyMDIwLTA5LTE4Iiwic2VsbF9jb3N0X3Blcl91bml0IjoiMi4wMCIsIlF0eV9pbiI6MjAwLCJRdHlfYXZhaWxhYmxlIjoxODAsIkRpc2NvdW50X3BlciI6IjAuMDAifSx7ImlkIjo0MCwidGFic1JlcSI6MTAsIml0ZW1fY29kZSI6IjExMDAiLCJpdGVtX25hbWUiOiJwYXJhY2l0YW1vbCIsInByaW50X25hbWUiOiI1MDBtZyBwYXJhY2V0YW1vbCIsIk1mZF9ieSI6ImNpcGxhIiwiTVJQIjoiMC4wMDAwMCIsIkJhdGNoTm8iOjExMSwiTWZkX2RhdGUiOiIyMDIwLTA5LTEyIiwiRXhwX2RhdGUiOiIyMDIwLTA5LTI1Iiwic2VsbF9jb3N0X3Blcl91bml0IjoiMi4wMCIsIlF0eV9pbiI6MTAsIlF0eV9hdmFpbGFibGUiOjUsIkRpc2NvdW50X3BlciI6IjAuMDAifSx7ImlkIjozOCwidGFic1JlcSI6MTAsIml0ZW1fY29kZSI6IjExMDAiLCJpdGVtX25hbWUiOiJwYXJhY2l0YW1vbCIsInByaW50X25hbWUiOiIxMG1nIE9tZXoiLCJNZmRfYnkiOiJ4eXogc3VwcGxpZXIiLCJNUlAiOiIwLjAwMDAwIiwiQmF0Y2hObyI6MCwiTWZkX2RhdGUiOiIyMDIwLTA5LTE4IiwiRXhwX2RhdGUiOiIyMDIwLTA5LTE4Iiwic2VsbF9jb3N0X3Blcl91bml0IjoiMi4wMCIsIlF0eV9pbiI6MjAwLCJRdHlfYXZhaWxhYmxlIjoxODAsIkRpc2NvdW50X3BlciI6IjAuMDAifSx7ImlkIjo0MCwidGFic1JlcSI6MTAsIml0ZW1fY29kZSI6IjExMDAiLCJpdGVtX25hbWUiOiJwYXJhY2l0YW1vbCIsInByaW50X25hbWUiOiI1MDBtZyBwYXJhY2V0YW1vbCIsIk1mZF9ieSI6ImNpcGxhIiwiTVJQIjoiMC4wMDAwMCIsIkJhdGNoTm8iOjExMSwiTWZkX2RhdGUiOiIyMDIwLTA5LTEyIiwiRXhwX2RhdGUiOiIyMDIwLTA5LTI1Iiwic2VsbF9jb3N0X3Blcl91bml0IjoiMi4wMCIsIlF0eV9pbiI6MTAsIlF0eV9hdmFpbGFibGUiOjUsIkRpc2NvdW50X3BlciI6IjAuMDAifV0sInBlX2ludm9pY2UiOiIxMTExIiwiMzgiOjM4fQ==','2020-10-07 14:06:48.975334');
INSERT INTO "django_session" VALUES('o7o7o40pgpqpuvorm0ldx3speaqx1g0r','NDZjZmUzODMxNzE3M2JkMGUxZjM5NjBlYTk3N2ZiZDNkMmVlMTJjMTp7ImJpbGxubyI6Nzc3LCJsX2llIjpbNDBdfQ==','2020-10-09 13:18:59.417235');
INSERT INTO "django_session" VALUES('uc0s0jjtw3bpgyz06qu58vjewn8glc7k','M2RkNmFjMzM0YTNiMDhkOTEzZTg3NDQzMGI5YWE5ZTg2ODMyMzUwZDp7Il9hdXRoX3VzZXJfaWQiOiIxIiwiX2F1dGhfdXNlcl9iYWNrZW5kIjoiZGphbmdvLmNvbnRyaWIuYXV0aC5iYWNrZW5kcy5Nb2RlbEJhY2tlbmQiLCJfYXV0aF91c2VyX2hhc2giOiIyOTk2MjM4Yzg2OTJlOTU4YTc0YTk5ZGY5MmQ3ZjJkOTRjMTJlNWQwIiwiYmlsbG5vIjo4ODgsImxfaWUiOls0Niw0N10sInBlX2ludm9pY2UiOiIxMTExIn0=','2020-10-13 15:41:08.848639');
INSERT INTO "django_session" VALUES('nuykkwe75l9pze7ix1bz33z3wmepmo5f','Zjk0ZjkxMTRkMjAzNjU2YmJiMzU0Yzc4OGQxMGQ5YjNkYWI1NGQ0Yzp7ImJpbGxubyI6MjIyLCJsX2llIjpbNDYsNDddfQ==','2020-10-09 13:53:47.646836');
INSERT INTO "django_session" VALUES('5402z1zws8qpa98i055jd68tklenb1a6','YjZlNGMzODdlZTcwNDQ3NzY4MjBiMmFlMWZhMDEyMzA1NTVlYTY0Mzp7Il9hdXRoX3VzZXJfaWQiOiIxIiwiX2F1dGhfdXNlcl9iYWNrZW5kIjoiZGphbmdvLmNvbnRyaWIuYXV0aC5iYWNrZW5kcy5Nb2RlbEJhY2tlbmQiLCJfYXV0aF91c2VyX2hhc2giOiIyOTk2MjM4Yzg2OTJlOTU4YTc0YTk5ZGY5MmQ3ZjJkOTRjMTJlNWQwIiwiYmlsbG5vIjo3ODgwLCJsX2llIjpbNDYsNDddLCJwZV9pbnZvaWNlIjoiU0MwMzcyNiJ9','2020-10-17 02:22:52.590208');
INSERT INTO "django_session" VALUES('7yijxtvubhr7quy743c66dj43bthhkad','NzBjMzE5YTI0NjJiYTQwMGNiMWIzOWFkMDEyNGNkNWNjNDUzMmUyZTp7Il9hdXRoX3VzZXJfaWQiOiIxIiwiX2F1dGhfdXNlcl9iYWNrZW5kIjoiZGphbmdvLmNvbnRyaWIuYXV0aC5iYWNrZW5kcy5Nb2RlbEJhY2tlbmQiLCJfYXV0aF91c2VyX2hhc2giOiIyOTk2MjM4Yzg2OTJlOTU4YTc0YTk5ZGY5MmQ3ZjJkOTRjMTJlNWQwIiwiYmlsbG5vIjo3ODgwLCJsX2llIjpbNDYsNDddLCJwZV9pbnZvaWNlIjoiU0MwMzcyNiIsIjYzIjo2M30=','2020-10-16 10:31:27.080126');
INSERT INTO "django_session" VALUES('4a65kvc68b4pokaliw9g5ognsw7rblxb','YzEzN2M2M2M5ZmY3MWFiZmM5OGNiN2IzMzcyMTMwN2ZhYTc0N2YwZjp7ImJpbGxubyI6Nzg4MSwibF9pZSI6WzQ1XSwiX2F1dGhfdXNlcl9pZCI6IjEiLCJfYXV0aF91c2VyX2JhY2tlbmQiOiJkamFuZ28uY29udHJpYi5hdXRoLmJhY2tlbmRzLk1vZGVsQmFja2VuZCIsIl9hdXRoX3VzZXJfaGFzaCI6IjI5OTYyMzhjODY5MmU5NThhNzRhOTlkZjkyZDdmMmQ5NGMxMmU1ZDAifQ==','2020-10-18 17:54:14.690655');
INSERT INTO "django_session" VALUES('z1cwtppc9rjph9su9rifqrhp3z7vocdq','ZDIxOGNmOGM3YTAzODI2YWNmMDZmMjk5YmFjYzRmODEzOWIyYWI4Mjp7Il9hdXRoX3VzZXJfaWQiOiIxIiwiX2F1dGhfdXNlcl9iYWNrZW5kIjoiZGphbmdvLmNvbnRyaWIuYXV0aC5iYWNrZW5kcy5Nb2RlbEJhY2tlbmQiLCJfYXV0aF91c2VyX2hhc2giOiIyOTk2MjM4Yzg2OTJlOTU4YTc0YTk5ZGY5MmQ3ZjJkOTRjMTJlNWQwIiwiYmlsbG5vIjo3ODgxLCJsX2llIjpbNjldLCJsb2llIjpbMTA0LDEwNSwxMDZdLCJiaWxsX25vIjo3ODgxLCJyYmlsbF9ubyI6MzZ9','2020-10-22 10:46:00.138285');
INSERT INTO "django_session" VALUES('ljx3sachifoo65vnzx8s3dhghmret4g5','OTkwNmE1ZDg3YTEyMmNkMDk0YTQ1NmFkNzVlMGJkYWM4NWNmZTdhNjp7Il9hdXRoX3VzZXJfaWQiOiIxIiwiX2F1dGhfdXNlcl9iYWNrZW5kIjoiZGphbmdvLmNvbnRyaWIuYXV0aC5iYWNrZW5kcy5Nb2RlbEJhY2tlbmQiLCJfYXV0aF91c2VyX2hhc2giOiIyOTk2MjM4Yzg2OTJlOTU4YTc0YTk5ZGY5MmQ3ZjJkOTRjMTJlNWQwIn0=','2020-10-30 19:06:45.529075');
INSERT INTO "django_session" VALUES('o4scgarfd9aeoi1o4rl84uxzbprx5hhl','ODMxZmNkZWNmMzdiMTQ0N2FkMWE5YjdjODI3YjlmMmQ4YjRmMTk0ZDp7Il9hdXRoX3VzZXJfaWQiOiIxIiwiX2F1dGhfdXNlcl9iYWNrZW5kIjoiZGphbmdvLmNvbnRyaWIuYXV0aC5iYWNrZW5kcy5Nb2RlbEJhY2tlbmQiLCJfYXV0aF91c2VyX2hhc2giOiIyOTk2MjM4Yzg2OTJlOTU4YTc0YTk5ZGY5MmQ3ZjJkOTRjMTJlNWQwIiwicGVfaW52b2ljZSI6IlNDMDM3MjYiLCJiaWxsbm8iOjc4ODIsImxfaWUiOls0OF19','2020-11-01 09:53:05.127301');
INSERT INTO "django_session" VALUES('vm27zx3a9jkt6yphhr0q7q3qiuovzx4x','OWRjY2NmZGVjMzUxNjY3MWJiYjBkYjJhNTcwOWQwYWE0NmIyMzhkNTp7Il9hdXRoX3VzZXJfaWQiOiIxIiwiX2F1dGhfdXNlcl9iYWNrZW5kIjoiZGphbmdvLmNvbnRyaWIuYXV0aC5iYWNrZW5kcy5Nb2RlbEJhY2tlbmQiLCJfYXV0aF91c2VyX2hhc2giOiJlOWU3NzUyMjBlNThhMTExNWRlZjIyZTQ0ZjhmMzdhYzBhZmQ5OGE5In0=','2020-11-03 10:38:49.741272');
CREATE UNIQUE INDEX "auth_group_permissions_group_id_permission_id_0cd325b0_uniq" ON "auth_group_permissions" ("group_id", "permission_id");
CREATE INDEX IF NOT EXISTS "auth_group_permissions_group_id_b120cbf9" ON "auth_group_permissions" ("group_id");
CREATE INDEX IF NOT EXISTS "auth_group_permissions_permission_id_84c5c92e" ON "auth_group_permissions" ("permission_id");
CREATE UNIQUE INDEX "auth_user_groups_user_id_group_id_94350c0c_uniq" ON "auth_user_groups" ("user_id", "group_id");
CREATE INDEX IF NOT EXISTS "auth_user_groups_user_id_6a12ed8b" ON "auth_user_groups" ("user_id");
CREATE INDEX IF NOT EXISTS "auth_user_groups_group_id_97559544" ON "auth_user_groups" ("group_id");
CREATE UNIQUE INDEX "auth_user_user_permissions_user_id_permission_id_14a6b632_uniq" ON "auth_user_user_permissions" ("user_id", "permission_id");
CREATE INDEX IF NOT EXISTS "auth_user_user_permissions_user_id_a95ead1b" ON "auth_user_user_permissions" ("user_id");
CREATE INDEX IF NOT EXISTS "auth_user_user_permissions_permission_id_1fbb5f2c" ON "auth_user_user_permissions" ("permission_id");
CREATE INDEX IF NOT EXISTS "django_admin_log_content_type_id_c4bce8eb" ON "django_admin_log" ("content_type_id");
CREATE INDEX IF NOT EXISTS "django_admin_log_user_id_c564eba6" ON "django_admin_log" ("user_id");
CREATE UNIQUE INDEX "django_content_type_app_label_model_76bd3d3b_uniq" ON "django_content_type" ("app_label", "model");
CREATE UNIQUE INDEX "auth_permission_content_type_id_codename_01ab375a_uniq" ON "auth_permission" ("content_type_id", "codename");
CREATE INDEX IF NOT EXISTS "auth_permission_content_type_id_2f476e4b" ON "auth_permission" ("content_type_id");
CREATE INDEX IF NOT EXISTS "django_session_expire_date_a5c62663" ON "django_session" ("expire_date");
CREATE INDEX IF NOT EXISTS "testapp_returned_sell_entry_sell_entry_ref_id_9c1aded3" ON "testapp_returned_sell_entry" ("sell_entry_ref_id");
CREATE INDEX IF NOT EXISTS "testapp_returned_out_item_entry_item_entry_ref1_id_9c4ede54" ON "testapp_returned_out_item_entry" ("item_entry_ref1_id");
CREATE INDEX IF NOT EXISTS "testapp_returned_out_item_entry_rbill_no_ref_id_588132ee" ON "testapp_returned_out_item_entry" ("rbill_no_ref_id");
CREATE INDEX IF NOT EXISTS "testapp_purchase_entry_supplier_ref1_id_e0cd67c5" ON "testapp_purchase_entry" ("supplier_ref1_id");
CREATE INDEX IF NOT EXISTS "testapp_item_entry_supplier_ref_id_60f56232" ON "testapp_item_entry" ("supplier_ref_id");
CREATE INDEX IF NOT EXISTS "testapp_item_entry_purchase_ref_id_9ddcfbbc" ON "testapp_item_entry" ("purchase_ref_id");
CREATE INDEX IF NOT EXISTS "testapp_out_item_entry_bill_no_ref_id_892a8538" ON "testapp_out_item_entry" ("bill_no_ref_id");
CREATE INDEX IF NOT EXISTS "testapp_out_item_entry_item_entry_ref_id_a05fff58" ON "testapp_out_item_entry" ("item_entry_ref_id");
CREATE TABLE IF NOT EXISTS "testapp_customer_address" ("id" integer NOT NULL PRIMARY KEY AUTOINCREMENT, "contact_name" varchar(80) NULL, "email" varchar(80) NULL, "phone" varchar(20) NULL, "Doctor_name" varchar(80) NULL, "hospital_id" varchar(80) NOT NULL);
INSERT INTO "testapp_customer_address" VALUES(12,'sreenivas','svalaboj@gmail.com','9986534440','pcrao','092011');
INSERT INTO "testapp_customer_address" VALUES(13,'sreenivas','svalaboj@gmail.com','9986534440','pcrao','0');
INSERT INTO "testapp_customer_address" VALUES(19,'sreenivas','svalaboj@gmail.com','9986534440','pcrao','2323');
INSERT INTO "testapp_customer_address" VALUES(21,'Raju','srre@yahoo.com',NULL,NULL,'0');
INSERT INTO "testapp_customer_address" VALUES(22,'sreelatha','svalaboj@gmail.com','9986534440','satyanaraya reddy','0');
INSERT INTO "testapp_customer_address" VALUES(23,'sreenivas','s_valaboj@yahoo.com','9986534440',NULL,'092010');
INSERT INTO "testapp_customer_address" VALUES(24,'sreenivas','s_valaboj@yahoo.com','9986534440',NULL,'092010');
INSERT INTO "testapp_customer_address" VALUES(25,'sree','s_vas@yahoo.com','6666666666','fred','092010');
INSERT INTO "testapp_customer_address" VALUES(26,'sreenivas','s_valaboj@yahoo.com','9986534440','fred','092011');
CREATE UNIQUE INDEX "auth_group_permissions_group_id_permission_id_0cd325b0_uniq" ON "auth_group_permissions" ("group_id", "permission_id");
CREATE INDEX IF NOT EXISTS "auth_group_permissions_group_id_b120cbf9" ON "auth_group_permissions" ("group_id");
CREATE INDEX IF NOT EXISTS "auth_group_permissions_permission_id_84c5c92e" ON "auth_group_permissions" ("permission_id");
CREATE UNIQUE INDEX "auth_user_groups_user_id_group_id_94350c0c_uniq" ON "auth_user_groups" ("user_id", "group_id");
CREATE INDEX IF NOT EXISTS "auth_user_groups_user_id_6a12ed8b" ON "auth_user_groups" ("user_id");
CREATE INDEX IF NOT EXISTS "auth_user_groups_group_id_97559544" ON "auth_user_groups" ("group_id");
CREATE UNIQUE INDEX "auth_user_user_permissions_user_id_permission_id_14a6b632_uniq" ON "auth_user_user_permissions" ("user_id", "permission_id");
CREATE INDEX IF NOT EXISTS "auth_user_user_permissions_user_id_a95ead1b" ON "auth_user_user_permissions" ("user_id");
CREATE INDEX IF NOT EXISTS "auth_user_user_permissions_permission_id_1fbb5f2c" ON "auth_user_user_permissions" ("permission_id");
CREATE INDEX IF NOT EXISTS "django_admin_log_content_type_id_c4bce8eb" ON "django_admin_log" ("content_type_id");
CREATE INDEX IF NOT EXISTS "django_admin_log_user_id_c564eba6" ON "django_admin_log" ("user_id");
CREATE UNIQUE INDEX "django_content_type_app_label_model_76bd3d3b_uniq" ON "django_content_type" ("app_label", "model");
CREATE UNIQUE INDEX "auth_permission_content_type_id_codename_01ab375a_uniq" ON "auth_permission" ("content_type_id", "codename");
CREATE INDEX IF NOT EXISTS "auth_permission_content_type_id_2f476e4b" ON "auth_permission" ("content_type_id");
CREATE INDEX IF NOT EXISTS "django_session_expire_date_a5c62663" ON "django_session" ("expire_date");
CREATE INDEX IF NOT EXISTS "testapp_returned_sell_entry_sell_entry_ref_id_9c1aded3" ON "testapp_returned_sell_entry" ("sell_entry_ref_id");
CREATE INDEX IF NOT EXISTS "testapp_returned_out_item_entry_item_entry_ref1_id_9c4ede54" ON "testapp_returned_out_item_entry" ("item_entry_ref1_id");
CREATE INDEX IF NOT EXISTS "testapp_returned_out_item_entry_rbill_no_ref_id_588132ee" ON "testapp_returned_out_item_entry" ("rbill_no_ref_id");
CREATE INDEX IF NOT EXISTS "testapp_purchase_entry_supplier_ref1_id_e0cd67c5" ON "testapp_purchase_entry" ("supplier_ref1_id");
CREATE INDEX IF NOT EXISTS "testapp_item_entry_supplier_ref_id_60f56232" ON "testapp_item_entry" ("supplier_ref_id");
CREATE INDEX IF NOT EXISTS "testapp_item_entry_purchase_ref_id_9ddcfbbc" ON "testapp_item_entry" ("purchase_ref_id");
CREATE INDEX IF NOT EXISTS "testapp_out_item_entry_bill_no_ref_id_892a8538" ON "testapp_out_item_entry" ("bill_no_ref_id");
CREATE INDEX IF NOT EXISTS "testapp_out_item_entry_item_entry_ref_id_a05fff58" ON "testapp_out_item_entry" ("item_entry_ref_id");
CREATE TABLE IF NOT EXISTS "testapp_item_entry" ("id" integer NOT NULL PRIMARY KEY AUTOINCREMENT, "item_code" varchar(200) NOT NULL, "item_name" varchar(200) NOT NULL, "print_name" varchar(200) NOT NULL, "companyname" varchar(200) NOT NULL, "HSN_code" varchar(20) NOT NULL, "supplier_ref_id" varchar(200) NULL REFERENCES "testapp_supplier_address" ("companyname") DEFERRABLE INITIALLY DEFERRED, "BatchNo" varchar(20) NULL, "Discount_per" decimal NOT NULL, "Exp_date" date NULL, "MRP" decimal NOT NULL, "Mfd_by" varchar(200) NULL, "Mfd_date" date NULL, "NumStrips" integer NOT NULL, "Qty_in" integer NULL, "Qty_available" integer NULL, "amount" decimal NOT NULL, "purchase_cost_per_unit" decimal NOT NULL, "purchased_date" date NULL, "sell_cost_per_unit" decimal NOT NULL, "tabsPerStrip" integer NOT NULL, "tax_percent" decimal NOT NULL, "tax_amount" decimal NOT NULL, "purchase_ref_id" varchar(20) NULL REFERENCES "testapp_purchase_entry" ("invoice_no") DEFERRABLE INITIALLY DEFERRED, "low_stock_ind_per" decimal NOT NULL, "low_stock_ind_status" varchar(3) NULL, "sch" varchar(1) NULL, "purchase_rate" decimal NOT NULL, "disc_amount" decimal NOT NULL, "status" varchar(11) NOT NULL);
INSERT INTO "testapp_item_entry" VALUES(45,'1101','Olmesar','5mg omez','sreesoft','22','sreesoft3','2333',0,'2021-09-13',40,NULL,'2020-09-20',1,10,104,30,3,NULL,4,10,0.18,5.4,'1111',0.3,'OFF','H',30,0,'APPROVED');
INSERT INTO "testapp_item_entry" VALUES(47,'1100','Omez','20mg omez','sreesoft','SRE1111','sreesoft','11122',0,'2021-09-13',60,'reddylabs','2020-09-12',2,20,42,100,5,NULL,5.085,10,0.18,18,'1111',0.3,'OFF','',50,0,'APPROVED');
INSERT INTO "testapp_item_entry" VALUES(48,'1100','Dolo','650mg Dolo','sreesoft3','sre1111','sreesoft3','1234',0,'2022-09-17',60,'cipla','2020-09-12',2,20,15,98.4,0,NULL,6,10,0.18,21.6,NULL,0.3,'OFF','h',0,0,'APPROVED');
INSERT INTO "testapp_item_entry" VALUES(59,'1100','syringe','5ml syringe','sreesoft','90183100','sreesoft','918054ne2',0,'2024-04-01',4.02,NULL,'2020-04-01',3,3,0,10.61,0,NULL,4.02,1,0.12,1.45,NULL,0.3,'OFF','',0,0,'UN_APPROVED');
INSERT INTO "testapp_item_entry" VALUES(63,'111','Remdesivir','Cipremi inj 100mg','sreesoft','30049099','sreesoft','R300008',0.03,'2020-12-01',4000,NULL,'2020-09-12',82,82,0,287000,3500,NULL,3571.429,1,0.12,34440,'10770',0.3,'OFF','',3500,8610,'UN_APPROVED');
INSERT INTO "testapp_item_entry" VALUES(64,'1100','Gabapin nt','Gabapin nt 100mg t','sreesoft','3004','sreesoft','N2001863',0.03,'2022-06-01',147,NULL,'2020-09-12',30,30,0,3150,105,NULL,131.25,1,0.12,366.66,'SC03726',0.3,'OFF','',105,94.5,'APPROVED');
INSERT INTO "testapp_item_entry" VALUES(67,'1100','Thinwes','Thinwes inj','sreesoft','30049079','sreesoft','BA20070',0.03,'2022-06-17',2914.89,NULL,'2020-09-12',20,20,0,41641.2,2082.06,NULL,2602.58,1,0.12,4847.04,'SC03726',0.3,'OFF','',2082.06,1249.24,'APPROVED');
INSERT INTO "testapp_item_entry" VALUES(68,'1100','Relinerve t','Relinerve tab','sreesoft','30049099','sreesoft','SRFC-F0007',0.03,'2022-02-17',130,'cipla',NULL,50,500,0,4643,9.286,NULL,11.607,10,0.12,540.44,'SC03726',0.3,'OFF','',92.86,139.29,'APPROVED');
INSERT INTO "testapp_item_entry" VALUES(69,'1100','Monocef 1gm inj','Monocef 1gm inj','sreesoft','30042019','sreesoft','GB16G100',0.03,'2022-12-17',60.2,NULL,NULL,100,100,96,4300,43,NULL,53.75,1,0.12,500.52,'SC03726',0.3,'OFF','',43,129,'APPROVED');
INSERT INTO "testapp_item_entry" VALUES(70,'1100','Meromac 1gm 1nj','Meromac 1gm 1nj','sreesoft','30042019','sreesoft','LMZ2034A',0.03,'2022-04-17',646,'cipla',NULL,50,50,0,23071.5,461.43,NULL,576.786,1,0.12,2685.52,'SC03726',0.3,'OFF','',461.43,692.14,'APPROVED');
INSERT INTO "testapp_item_entry" VALUES(71,'1100','Meromac 0.5gm 1nj','Meromac 0.5gm 1nj','sreesoft','30042019','sreesoft','LMY2009A',0.03,'2022-03-17',383.9,NULL,NULL,50,50,0,13711,274.22,NULL,342.768,1,0.12,1595.96,'SC03726',0.3,'OFF','',274.22,411.33,'APPROVED');
INSERT INTO "testapp_item_entry" VALUES(72,'1100','Hoperab','Hoperab dsr cap','sreesoft','30049039','sreesoft','PQRAN11',0.03,'2022-02-17',119.75,'cipla',NULL,50,500,0,4277,8.554,NULL,10.692,10,0.12,497.84,'SC03726',0.3,'OFF','',85.54,128.31,'APPROVED');
INSERT INTO "testapp_item_entry" VALUES(73,'1100','Rosuvas','Rosuvas 10mg tab','sreesoft','30049099','sreesoft','EMX1391',0.03,'2022-10-17',245.25,NULL,NULL,14,210,0,2452.38,11.678,NULL,14.598,15,0.12,285.46,'SC03726',0.3,'OFF','',175.17,73.57,'APPROVED');
INSERT INTO "testapp_item_entry" VALUES(74,'1100','Rosuvas','Rosuvas 20mg tab','sreesoft','30049099','sreesoft','EMX1061',0.03,'2022-10-17',330,NULL,NULL,20,200,0,4714.4,23.572,NULL,29.464,10,0.12,548.76,'SC03726',0.3,'OFF','',235.72,141.43,'APPROVED');
INSERT INTO "testapp_item_entry" VALUES(75,'1100','Rosuvas','Rosuvas 40mg tab','sreesoft','30049099','sreesoft','EMX1392',0.03,'2022-10-17',520,NULL,NULL,20,200,0,7428.4,37.142,NULL,46.429,10,0.12,864.67,'SC03726',0.3,'OFF','',371.42,222.85,'APPROVED');
INSERT INTO "testapp_item_entry" VALUES(76,'1100','Fcnz -iv 100ml','Fcnz -iv 100ml','sreesoft','34011911','sreesoft','A9150',0.03,'2021-04-01',116.65,NULL,NULL,30,30,0,2400,80,NULL,104.152,1,0.12,279.36,'SC03726',0.3,'OFF','',80,72,'APPROVED');
INSERT INTO "testapp_item_entry" VALUES(78,'1100','Met xl 12.5mg tab','Met xl 12.5mg tab','sreesoft','30049099','sreesoft','R300008',0.03,'2022-09-17',85.5,NULL,NULL,15,300,0,916.2,3.054,NULL,3.817,20,0.12,106.65,'SC03726',0.3,'OFF','',61.07,27.49,'APPROVED');
INSERT INTO "testapp_item_entry" VALUES(79,'1100','Neptro hp vanila 40','Neptro hp vanila 40','sreesoft','20169099','sreesoft','15045MN1',0.03,'2021-09-13',955,'cipla',NULL,3,3,0,2160,720,NULL,809.322,1,0.18,377.14,'SC03726',0.3,'OFF','',720,64.8,'APPROVED');
INSERT INTO "testapp_item_entry" VALUES(80,'1100','Orofer fcm 500mg inj','Orofer fcm 500mg inj','sreesoft','3004','sreesoft','ELF8BN9006',0.03,'2022-05-17',2688.15,'cipla',NULL,10,10,0,19201.1,1920.11,NULL,2400.134,1,0.12,2235.01,'SC03726',0.3,'OFF','',1920.11,576.03,'APPROVED');
INSERT INTO "testapp_item_entry" VALUES(81,'1100','Hifenac mr','Hifenac mr tab','sreesoft','3004','sreesoft','K2001140',0.03,NULL,71,'cipla',NULL,50,500,498,2535.5,5.071,NULL,6.339,10,0.12,295.13,'SC03726',0.3,'OFF','',50.71,76.06,'APPROVED');
INSERT INTO "testapp_item_entry" VALUES(89,'1100','Monocef-1gm inj','20mg omez','sreesoft11','30049022','sreesoft11','B016822',0,'2021-02-20',70,'cipla',NULL,3,3,0,150,50,NULL,62.5,1,0.12,18,'9898',0.3,'OFF','H',50,0,'APPROVED');
CREATE UNIQUE INDEX "auth_group_permissions_group_id_permission_id_0cd325b0_uniq" ON "auth_group_permissions" ("group_id", "permission_id");
CREATE INDEX IF NOT EXISTS "auth_group_permissions_group_id_b120cbf9" ON "auth_group_permissions" ("group_id");
CREATE INDEX IF NOT EXISTS "auth_group_permissions_permission_id_84c5c92e" ON "auth_group_permissions" ("permission_id");
CREATE UNIQUE INDEX "auth_user_groups_user_id_group_id_94350c0c_uniq" ON "auth_user_groups" ("user_id", "group_id");
CREATE INDEX IF NOT EXISTS "auth_user_groups_user_id_6a12ed8b" ON "auth_user_groups" ("user_id");
CREATE INDEX IF NOT EXISTS "auth_user_groups_group_id_97559544" ON "auth_user_groups" ("group_id");
CREATE UNIQUE INDEX "auth_user_user_permissions_user_id_permission_id_14a6b632_uniq" ON "auth_user_user_permissions" ("user_id", "permission_id");
CREATE INDEX IF NOT EXISTS "auth_user_user_permissions_user_id_a95ead1b" ON "auth_user_user_permissions" ("user_id");
CREATE INDEX IF NOT EXISTS "auth_user_user_permissions_permission_id_1fbb5f2c" ON "auth_user_user_permissions" ("permission_id");
CREATE INDEX IF NOT EXISTS "django_admin_log_content_type_id_c4bce8eb" ON "django_admin_log" ("content_type_id");
CREATE INDEX IF NOT EXISTS "django_admin_log_user_id_c564eba6" ON "django_admin_log" ("user_id");
CREATE UNIQUE INDEX "django_content_type_app_label_model_76bd3d3b_uniq" ON "django_content_type" ("app_label", "model");
CREATE UNIQUE INDEX "auth_permission_content_type_id_codename_01ab375a_uniq" ON "auth_permission" ("content_type_id", "codename");
CREATE INDEX IF NOT EXISTS "auth_permission_content_type_id_2f476e4b" ON "auth_permission" ("content_type_id");
CREATE INDEX IF NOT EXISTS "django_session_expire_date_a5c62663" ON "django_session" ("expire_date");
CREATE INDEX IF NOT EXISTS "testapp_returned_sell_entry_sell_entry_ref_id_9c1aded3" ON "testapp_returned_sell_entry" ("sell_entry_ref_id");
CREATE INDEX IF NOT EXISTS "testapp_returned_out_item_entry_item_entry_ref1_id_9c4ede54" ON "testapp_returned_out_item_entry" ("item_entry_ref1_id");
CREATE INDEX IF NOT EXISTS "testapp_returned_out_item_entry_rbill_no_ref_id_588132ee" ON "testapp_returned_out_item_entry" ("rbill_no_ref_id");
CREATE INDEX IF NOT EXISTS "testapp_purchase_entry_supplier_ref1_id_e0cd67c5" ON "testapp_purchase_entry" ("supplier_ref1_id");
CREATE INDEX IF NOT EXISTS "testapp_item_entry_supplier_ref_id_60f56232" ON "testapp_item_entry" ("supplier_ref_id");
CREATE INDEX IF NOT EXISTS "testapp_item_entry_purchase_ref_id_9ddcfbbc" ON "testapp_item_entry" ("purchase_ref_id");
CREATE INDEX IF NOT EXISTS "testapp_out_item_entry_bill_no_ref_id_892a8538" ON "testapp_out_item_entry" ("bill_no_ref_id");
CREATE INDEX IF NOT EXISTS "testapp_out_item_entry_item_entry_ref_id_a05fff58" ON "testapp_out_item_entry" ("item_entry_ref_id");
CREATE TABLE IF NOT EXISTS "testapp_out_item_entry" ("id" integer NOT NULL PRIMARY KEY AUTOINCREMENT, "BatchNo" varchar(20) NULL, "Qty_sold" integer NULL, "bill_item_amount" decimal NOT NULL, "bill_tax_amount" decimal NOT NULL, "bill_no_ref_id" integer NULL REFERENCES "testapp_sell_entry" ("bill_no") DEFERRABLE INITIALLY DEFERRED, "item_entry_ref_id" integer NULL REFERENCES "testapp_item_entry" ("id") DEFERRABLE INITIALLY DEFERRED, "status" varchar(10) NOT NULL);
INSERT INTO "testapp_out_item_entry" VALUES(95,'11122',3,6,1.08,888,47,'UNLOCKED');
INSERT INTO "testapp_out_item_entry" VALUES(101,'GB16G100',1,53.75,6.45,7880,69,'UNLOCKED');
INSERT INTO "testapp_out_item_entry" VALUES(102,'K2001140',1,6.34,0.76,7880,81,'UNLOCKED');
INSERT INTO "testapp_out_item_entry" VALUES(104,'11122',1,5.08,0.91,7881,47,'UNLOCKED');
INSERT INTO "testapp_out_item_entry" VALUES(105,'2333',2,8,1.44,7881,45,'UNLOCKED');
INSERT INTO "testapp_out_item_entry" VALUES(106,'GB16G100',1,53.75,6.45,7881,69,'UNLOCKED');
INSERT INTO "testapp_out_item_entry" VALUES(107,'GB16G100',1,53.75,6.45,888,69,'UNLOCKED');
INSERT INTO "testapp_out_item_entry" VALUES(108,'GB16G100',1,53.75,6.45,888,69,'UNLOCKED');
INSERT INTO "testapp_out_item_entry" VALUES(109,'GB16G100',1,53.75,6.45,888,69,'UNLOCKED');
INSERT INTO "testapp_out_item_entry" VALUES(110,'GB16G100',1,53.75,6.45,888,69,'UNLOCKED');
INSERT INTO "testapp_out_item_entry" VALUES(114,'11122',1,5.08,0.91,7882,47,'LOCKED');
INSERT INTO "testapp_out_item_entry" VALUES(115,'1234',5,30,5.4,7882,48,'LOCKED');
CREATE UNIQUE INDEX "auth_group_permissions_group_id_permission_id_0cd325b0_uniq" ON "auth_group_permissions" ("group_id", "permission_id");
CREATE INDEX IF NOT EXISTS "auth_group_permissions_group_id_b120cbf9" ON "auth_group_permissions" ("group_id");
CREATE INDEX IF NOT EXISTS "auth_group_permissions_permission_id_84c5c92e" ON "auth_group_permissions" ("permission_id");
CREATE UNIQUE INDEX "auth_user_groups_user_id_group_id_94350c0c_uniq" ON "auth_user_groups" ("user_id", "group_id");
CREATE INDEX IF NOT EXISTS "auth_user_groups_user_id_6a12ed8b" ON "auth_user_groups" ("user_id");
CREATE INDEX IF NOT EXISTS "auth_user_groups_group_id_97559544" ON "auth_user_groups" ("group_id");
CREATE UNIQUE INDEX "auth_user_user_permissions_user_id_permission_id_14a6b632_uniq" ON "auth_user_user_permissions" ("user_id", "permission_id");
CREATE INDEX IF NOT EXISTS "auth_user_user_permissions_user_id_a95ead1b" ON "auth_user_user_permissions" ("user_id");
CREATE INDEX IF NOT EXISTS "auth_user_user_permissions_permission_id_1fbb5f2c" ON "auth_user_user_permissions" ("permission_id");
CREATE INDEX IF NOT EXISTS "django_admin_log_content_type_id_c4bce8eb" ON "django_admin_log" ("content_type_id");
CREATE INDEX IF NOT EXISTS "django_admin_log_user_id_c564eba6" ON "django_admin_log" ("user_id");
CREATE UNIQUE INDEX "django_content_type_app_label_model_76bd3d3b_uniq" ON "django_content_type" ("app_label", "model");
CREATE UNIQUE INDEX "auth_permission_content_type_id_codename_01ab375a_uniq" ON "auth_permission" ("content_type_id", "codename");
CREATE INDEX IF NOT EXISTS "auth_permission_content_type_id_2f476e4b" ON "auth_permission" ("content_type_id");
CREATE INDEX IF NOT EXISTS "django_session_expire_date_a5c62663" ON "django_session" ("expire_date");
CREATE INDEX IF NOT EXISTS "testapp_returned_sell_entry_sell_entry_ref_id_9c1aded3" ON "testapp_returned_sell_entry" ("sell_entry_ref_id");
CREATE INDEX IF NOT EXISTS "testapp_returned_out_item_entry_item_entry_ref1_id_9c4ede54" ON "testapp_returned_out_item_entry" ("item_entry_ref1_id");
CREATE INDEX IF NOT EXISTS "testapp_returned_out_item_entry_rbill_no_ref_id_588132ee" ON "testapp_returned_out_item_entry" ("rbill_no_ref_id");
CREATE INDEX IF NOT EXISTS "testapp_purchase_entry_supplier_ref1_id_e0cd67c5" ON "testapp_purchase_entry" ("supplier_ref1_id");
CREATE INDEX IF NOT EXISTS "testapp_item_entry_supplier_ref_id_60f56232" ON "testapp_item_entry" ("supplier_ref_id");
CREATE INDEX IF NOT EXISTS "testapp_item_entry_purchase_ref_id_9ddcfbbc" ON "testapp_item_entry" ("purchase_ref_id");
CREATE INDEX IF NOT EXISTS "testapp_out_item_entry_bill_no_ref_id_892a8538" ON "testapp_out_item_entry" ("bill_no_ref_id");
CREATE INDEX IF NOT EXISTS "testapp_out_item_entry_item_entry_ref_id_a05fff58" ON "testapp_out_item_entry" ("item_entry_ref_id");
CREATE TABLE IF NOT EXISTS "testapp_purchase_entry" ("purchase_type" varchar(20) NOT NULL, "invoice_no" varchar(20) NOT NULL PRIMARY KEY, "invoice_amount" decimal NOT NULL, "tax_amount" decimal NOT NULL, "grand_total" decimal NOT NULL, "purchase_date" datetime NULL, "supplier_ref1_id" varchar(200) NULL REFERENCES "testapp_supplier_address" ("companyname") DEFERRABLE INITIALLY DEFERRED, "adjustment" decimal NOT NULL, "status" varchar(11) NOT NULL);
INSERT INTO "testapp_purchase_entry" VALUES('cash','1111',200,3000,3200,'2020-09-27','sreesoft',0,'UN_APPROVED');
INSERT INTO "testapp_purchase_entry" VALUES('cash','1234',12333,123,12456,NULL,'sreesoft3',0,'UN_APPROVED');
INSERT INTO "testapp_purchase_entry" VALUES('cash','10770',0,0,311613,'2020-09-28 00:00:00','sreesoft',0,'UN_APPROVED');
INSERT INTO "testapp_purchase_entry" VALUES('credit','12345',185,0,185,NULL,'sreesoft',0,'UN_APPROVED');
INSERT INTO "testapp_purchase_entry" VALUES('CASH','SC03726',148531,0,148531,NULL,'sreesoft',-1.2,'APPROVED');
INSERT INTO "testapp_purchase_entry" VALUES('CREDIT','9898',0,168,168,NULL,'sreesoft11',0,'APPROVED');
CREATE UNIQUE INDEX "auth_group_permissions_group_id_permission_id_0cd325b0_uniq" ON "auth_group_permissions" ("group_id", "permission_id");
CREATE INDEX IF NOT EXISTS "auth_group_permissions_group_id_b120cbf9" ON "auth_group_permissions" ("group_id");
CREATE INDEX IF NOT EXISTS "auth_group_permissions_permission_id_84c5c92e" ON "auth_group_permissions" ("permission_id");
CREATE UNIQUE INDEX "auth_user_groups_user_id_group_id_94350c0c_uniq" ON "auth_user_groups" ("user_id", "group_id");
CREATE INDEX IF NOT EXISTS "auth_user_groups_user_id_6a12ed8b" ON "auth_user_groups" ("user_id");
CREATE INDEX IF NOT EXISTS "auth_user_groups_group_id_97559544" ON "auth_user_groups" ("group_id");
CREATE UNIQUE INDEX "auth_user_user_permissions_user_id_permission_id_14a6b632_uniq" ON "auth_user_user_permissions" ("user_id", "permission_id");
CREATE INDEX IF NOT EXISTS "auth_user_user_permissions_user_id_a95ead1b" ON "auth_user_user_permissions" ("user_id");
CREATE INDEX IF NOT EXISTS "auth_user_user_permissions_permission_id_1fbb5f2c" ON "auth_user_user_permissions" ("permission_id");
CREATE INDEX IF NOT EXISTS "django_admin_log_content_type_id_c4bce8eb" ON "django_admin_log" ("content_type_id");
CREATE INDEX IF NOT EXISTS "django_admin_log_user_id_c564eba6" ON "django_admin_log" ("user_id");
CREATE UNIQUE INDEX "django_content_type_app_label_model_76bd3d3b_uniq" ON "django_content_type" ("app_label", "model");
CREATE UNIQUE INDEX "auth_permission_content_type_id_codename_01ab375a_uniq" ON "auth_permission" ("content_type_id", "codename");
CREATE INDEX IF NOT EXISTS "auth_permission_content_type_id_2f476e4b" ON "auth_permission" ("content_type_id");
CREATE INDEX IF NOT EXISTS "django_session_expire_date_a5c62663" ON "django_session" ("expire_date");
CREATE INDEX IF NOT EXISTS "testapp_returned_sell_entry_sell_entry_ref_id_9c1aded3" ON "testapp_returned_sell_entry" ("sell_entry_ref_id");
CREATE INDEX IF NOT EXISTS "testapp_returned_out_item_entry_item_entry_ref1_id_9c4ede54" ON "testapp_returned_out_item_entry" ("item_entry_ref1_id");
CREATE INDEX IF NOT EXISTS "testapp_returned_out_item_entry_rbill_no_ref_id_588132ee" ON "testapp_returned_out_item_entry" ("rbill_no_ref_id");
CREATE INDEX IF NOT EXISTS "testapp_purchase_entry_supplier_ref1_id_e0cd67c5" ON "testapp_purchase_entry" ("supplier_ref1_id");
CREATE INDEX IF NOT EXISTS "testapp_item_entry_supplier_ref_id_60f56232" ON "testapp_item_entry" ("supplier_ref_id");
CREATE INDEX IF NOT EXISTS "testapp_item_entry_purchase_ref_id_9ddcfbbc" ON "testapp_item_entry" ("purchase_ref_id");
CREATE INDEX IF NOT EXISTS "testapp_out_item_entry_bill_no_ref_id_892a8538" ON "testapp_out_item_entry" ("bill_no_ref_id");
CREATE INDEX IF NOT EXISTS "testapp_out_item_entry_item_entry_ref_id_a05fff58" ON "testapp_out_item_entry" ("item_entry_ref_id");
CREATE TABLE IF NOT EXISTS "testapp_returned_out_item_entry" ("id" integer NOT NULL PRIMARY KEY AUTOINCREMENT, "BatchNo" varchar(20) NULL, "Qty_returned" integer NULL, "rbill_item_amount" decimal NOT NULL, "rbill_tax_amount" decimal NOT NULL, "item_entry_ref1_id" integer NULL REFERENCES "testapp_item_entry" ("id") DEFERRABLE INITIALLY DEFERRED, "rbill_no_ref_id" integer NULL REFERENCES "testapp_returned_sell_entry" ("rbill_no") DEFERRABLE INITIALLY DEFERRED);
INSERT INTO "testapp_returned_out_item_entry" VALUES(25,'11122',1,5.08,0.91,47,24);
INSERT INTO "testapp_returned_out_item_entry" VALUES(26,'11122',1,5.08,0.91,47,24);
INSERT INTO "testapp_returned_out_item_entry" VALUES(27,'11122',1,5.08,0.91,47,24);
INSERT INTO "testapp_returned_out_item_entry" VALUES(28,'11122',1,5.08,0.91,47,24);
INSERT INTO "testapp_returned_out_item_entry" VALUES(29,'11122',1,5.08,0.91,47,24);
INSERT INTO "testapp_returned_out_item_entry" VALUES(30,'11122',1,5.08,0.91,47,24);
INSERT INTO "testapp_returned_out_item_entry" VALUES(90,'2333',2,8,1.44,45,29);
INSERT INTO "testapp_returned_out_item_entry" VALUES(91,'GB16G100',1,53.75,6.45,69,29);
INSERT INTO "testapp_returned_out_item_entry" VALUES(93,'11122',1,5.08,0.91,47,29);
INSERT INTO "testapp_returned_out_item_entry" VALUES(94,'11122',1,5.08,0.91,47,33);
INSERT INTO "testapp_returned_out_item_entry" VALUES(96,'2333',2,8,1.44,45,34);
INSERT INTO "testapp_returned_out_item_entry" VALUES(97,'GB16G100',1,53.75,6.45,69,34);
INSERT INTO "testapp_returned_out_item_entry" VALUES(101,'2333',2,8,1.44,45,35);
INSERT INTO "testapp_returned_out_item_entry" VALUES(102,'11122',1,5.08,0.91,47,36);
CREATE UNIQUE INDEX "auth_group_permissions_group_id_permission_id_0cd325b0_uniq" ON "auth_group_permissions" ("group_id", "permission_id");
CREATE INDEX IF NOT EXISTS "auth_group_permissions_group_id_b120cbf9" ON "auth_group_permissions" ("group_id");
CREATE INDEX IF NOT EXISTS "auth_group_permissions_permission_id_84c5c92e" ON "auth_group_permissions" ("permission_id");
CREATE UNIQUE INDEX "auth_user_groups_user_id_group_id_94350c0c_uniq" ON "auth_user_groups" ("user_id", "group_id");
CREATE INDEX IF NOT EXISTS "auth_user_groups_user_id_6a12ed8b" ON "auth_user_groups" ("user_id");
CREATE INDEX IF NOT EXISTS "auth_user_groups_group_id_97559544" ON "auth_user_groups" ("group_id");
CREATE UNIQUE INDEX "auth_user_user_permissions_user_id_permission_id_14a6b632_uniq" ON "auth_user_user_permissions" ("user_id", "permission_id");
CREATE INDEX IF NOT EXISTS "auth_user_user_permissions_user_id_a95ead1b" ON "auth_user_user_permissions" ("user_id");
CREATE INDEX IF NOT EXISTS "auth_user_user_permissions_permission_id_1fbb5f2c" ON "auth_user_user_permissions" ("permission_id");
CREATE INDEX IF NOT EXISTS "django_admin_log_content_type_id_c4bce8eb" ON "django_admin_log" ("content_type_id");
CREATE INDEX IF NOT EXISTS "django_admin_log_user_id_c564eba6" ON "django_admin_log" ("user_id");
CREATE UNIQUE INDEX "django_content_type_app_label_model_76bd3d3b_uniq" ON "django_content_type" ("app_label", "model");
CREATE UNIQUE INDEX "auth_permission_content_type_id_codename_01ab375a_uniq" ON "auth_permission" ("content_type_id", "codename");
CREATE INDEX IF NOT EXISTS "auth_permission_content_type_id_2f476e4b" ON "auth_permission" ("content_type_id");
CREATE INDEX IF NOT EXISTS "django_session_expire_date_a5c62663" ON "django_session" ("expire_date");
CREATE INDEX IF NOT EXISTS "testapp_returned_sell_entry_sell_entry_ref_id_9c1aded3" ON "testapp_returned_sell_entry" ("sell_entry_ref_id");
CREATE INDEX IF NOT EXISTS "testapp_returned_out_item_entry_item_entry_ref1_id_9c4ede54" ON "testapp_returned_out_item_entry" ("item_entry_ref1_id");
CREATE INDEX IF NOT EXISTS "testapp_returned_out_item_entry_rbill_no_ref_id_588132ee" ON "testapp_returned_out_item_entry" ("rbill_no_ref_id");
CREATE INDEX IF NOT EXISTS "testapp_purchase_entry_supplier_ref1_id_e0cd67c5" ON "testapp_purchase_entry" ("supplier_ref1_id");
CREATE INDEX IF NOT EXISTS "testapp_item_entry_supplier_ref_id_60f56232" ON "testapp_item_entry" ("supplier_ref_id");
CREATE INDEX IF NOT EXISTS "testapp_item_entry_purchase_ref_id_9ddcfbbc" ON "testapp_item_entry" ("purchase_ref_id");
CREATE INDEX IF NOT EXISTS "testapp_out_item_entry_bill_no_ref_id_892a8538" ON "testapp_out_item_entry" ("bill_no_ref_id");
CREATE INDEX IF NOT EXISTS "testapp_out_item_entry_item_entry_ref_id_a05fff58" ON "testapp_out_item_entry" ("item_entry_ref_id");
CREATE TABLE IF NOT EXISTS "testapp_returned_sell_entry" ("rbill_amount" decimal NOT NULL, "rbill_tax_amount" decimal NOT NULL, "rbill_grand_total" decimal NOT NULL, "returned_sell_datetime" datetime NULL, "status" varchar(10) NOT NULL, "rmode_of_payment" varchar(10) NOT NULL, "rtx_id_reference" varchar(4) NOT NULL, "card_issued_bank" varchar(10) NOT NULL, "rpayment_by_cash" decimal NOT NULL, "rpayment_by_card" decimal NOT NULL, "sell_entry_ref_id" integer NULL REFERENCES "testapp_sell_entry" ("bill_no") DEFERRABLE INITIALLY DEFERRED, "rbill_no" integer NOT NULL PRIMARY KEY);
INSERT INTO "testapp_returned_sell_entry" VALUES(0,0,0,NULL,'UNLOCKED','CASH','empt','empty',0,0,7881,1);
INSERT INTO "testapp_returned_sell_entry" VALUES(0,0,0,NULL,'UNLOCKED','CASH','empt','empty',0,0,7881,2);
INSERT INTO "testapp_returned_sell_entry" VALUES(0,0,0,NULL,'UNLOCKED','CASH','empt','empty',0,0,7881,3);
INSERT INTO "testapp_returned_sell_entry" VALUES(0,0,0,NULL,'UNLOCKED','CASH','empt','empty',0,0,7881,4);
INSERT INTO "testapp_returned_sell_entry" VALUES(0,0,0,NULL,'UNLOCKED','CASH','empt','empty',0,0,7881,5);
INSERT INTO "testapp_returned_sell_entry" VALUES(0,0,0,NULL,'UNLOCKED','CASH','empt','empty',0,0,7881,6);
INSERT INTO "testapp_returned_sell_entry" VALUES(0,0,0,NULL,'UNLOCKED','CASH','empt','empty',0,0,7881,7);
INSERT INTO "testapp_returned_sell_entry" VALUES(0,0,0,NULL,'UNLOCKED','CASH','empt','empty',0,0,7881,8);
INSERT INTO "testapp_returned_sell_entry" VALUES(0,0,0,NULL,'UNLOCKED','CASH','empt','empty',0,0,7881,9);
INSERT INTO "testapp_returned_sell_entry" VALUES(0,0,0,NULL,'UNLOCKED','CASH','empt','empty',0,0,7881,10);
INSERT INTO "testapp_returned_sell_entry" VALUES(0,0,0,NULL,'UNLOCKED','CASH','empt','empty',0,0,7881,11);
INSERT INTO "testapp_returned_sell_entry" VALUES(0,0,0,NULL,'UNLOCKED','CASH','empt','empty',0,0,7881,12);
INSERT INTO "testapp_returned_sell_entry" VALUES(0,0,0,NULL,'UNLOCKED','CASH','empt','empty',0,0,7881,13);
INSERT INTO "testapp_returned_sell_entry" VALUES(0,0,0,NULL,'UNLOCKED','CASH','empt','empty',0,0,7881,14);
INSERT INTO "testapp_returned_sell_entry" VALUES(0,0,0,NULL,'UNLOCKED','CASH','empt','empty',0,0,7881,15);
INSERT INTO "testapp_returned_sell_entry" VALUES(0,0,0,NULL,'UNLOCKED','CASH','empt','empty',0,0,7881,16);
INSERT INTO "testapp_returned_sell_entry" VALUES(0,0,0,NULL,'UNLOCKED','CASH','empt','empty',0,0,7881,17);
INSERT INTO "testapp_returned_sell_entry" VALUES(0,0,0,NULL,'UNLOCKED','CASH','empt','empty',0,0,7881,18);
INSERT INTO "testapp_returned_sell_entry" VALUES(0,0,0,NULL,'UNLOCKED','CASH','empt','empty',0,0,7881,19);
INSERT INTO "testapp_returned_sell_entry" VALUES(0,0,0,NULL,'UNLOCKED','CASH','empt','empty',0,0,7881,20);
INSERT INTO "testapp_returned_sell_entry" VALUES(0,0,0,NULL,'UNLOCKED','CASH','empt','empty',0,0,7881,21);
INSERT INTO "testapp_returned_sell_entry" VALUES(0,0,0,NULL,'UNLOCKED','CASH','empt','empty',0,0,7881,22);
INSERT INTO "testapp_returned_sell_entry" VALUES(0,0,0,NULL,'UNLOCKED','CASH','empt','empty',0,0,7881,23);
INSERT INTO "testapp_returned_sell_entry" VALUES(0,0,0,NULL,'UNLOCKED','CASH','empt','empty',0,0,7881,24);
INSERT INTO "testapp_returned_sell_entry" VALUES(0,0,0,NULL,'UNLOCKED','CASH','empt','empty',0,0,7881,25);
INSERT INTO "testapp_returned_sell_entry" VALUES(0,0,0,NULL,'UNLOCKED','CASH','empt','empty',0,0,7881,26);
INSERT INTO "testapp_returned_sell_entry" VALUES(0,0,0,NULL,'UNLOCKED','CASH','empt','empty',0,0,7881,27);
INSERT INTO "testapp_returned_sell_entry" VALUES(0,0,0,NULL,'UNLOCKED','CASH','empt','empty',0,0,7881,28);
INSERT INTO "testapp_returned_sell_entry" VALUES(0,0,0,NULL,'UNLOCKED','CASH','empt','empty',0,0,7881,29);
INSERT INTO "testapp_returned_sell_entry" VALUES(0,0,0,NULL,'UNLOCKED','CASH','empt','empty',0,0,7881,30);
INSERT INTO "testapp_returned_sell_entry" VALUES(0,0,0,NULL,'UNLOCKED','CASH','empt','empty',0,0,7881,31);
INSERT INTO "testapp_returned_sell_entry" VALUES(0,0,0,NULL,'UNLOCKED','CASH','empt','empty',0,0,7881,32);
INSERT INTO "testapp_returned_sell_entry" VALUES(0,0,0,NULL,'UNLOCKED','CASH','empt','empty',0,0,7881,33);
INSERT INTO "testapp_returned_sell_entry" VALUES(0,0,0,'2020-10-08 15:47:02.271084','UNLOCKED','CASH','empt','empty',0,0,7881,34);
INSERT INTO "testapp_returned_sell_entry" VALUES(0,0,0,'2020-10-08 16:08:58.418036','UNLOCKED','CASH','empt','empty',0,0,7881,35);
INSERT INTO "testapp_returned_sell_entry" VALUES(0,0,0,NULL,'UNLOCKED','CASH','empt','empty',0,0,7881,36);
CREATE UNIQUE INDEX "auth_group_permissions_group_id_permission_id_0cd325b0_uniq" ON "auth_group_permissions" ("group_id", "permission_id");
CREATE INDEX IF NOT EXISTS "auth_group_permissions_group_id_b120cbf9" ON "auth_group_permissions" ("group_id");
CREATE INDEX IF NOT EXISTS "auth_group_permissions_permission_id_84c5c92e" ON "auth_group_permissions" ("permission_id");
CREATE UNIQUE INDEX "auth_user_groups_user_id_group_id_94350c0c_uniq" ON "auth_user_groups" ("user_id", "group_id");
CREATE INDEX IF NOT EXISTS "auth_user_groups_user_id_6a12ed8b" ON "auth_user_groups" ("user_id");
CREATE INDEX IF NOT EXISTS "auth_user_groups_group_id_97559544" ON "auth_user_groups" ("group_id");
CREATE UNIQUE INDEX "auth_user_user_permissions_user_id_permission_id_14a6b632_uniq" ON "auth_user_user_permissions" ("user_id", "permission_id");
CREATE INDEX IF NOT EXISTS "auth_user_user_permissions_user_id_a95ead1b" ON "auth_user_user_permissions" ("user_id");
CREATE INDEX IF NOT EXISTS "auth_user_user_permissions_permission_id_1fbb5f2c" ON "auth_user_user_permissions" ("permission_id");
CREATE INDEX IF NOT EXISTS "django_admin_log_content_type_id_c4bce8eb" ON "django_admin_log" ("content_type_id");
CREATE INDEX IF NOT EXISTS "django_admin_log_user_id_c564eba6" ON "django_admin_log" ("user_id");
CREATE UNIQUE INDEX "django_content_type_app_label_model_76bd3d3b_uniq" ON "django_content_type" ("app_label", "model");
CREATE UNIQUE INDEX "auth_permission_content_type_id_codename_01ab375a_uniq" ON "auth_permission" ("content_type_id", "codename");
CREATE INDEX IF NOT EXISTS "auth_permission_content_type_id_2f476e4b" ON "auth_permission" ("content_type_id");
CREATE INDEX IF NOT EXISTS "django_session_expire_date_a5c62663" ON "django_session" ("expire_date");
CREATE INDEX IF NOT EXISTS "testapp_returned_sell_entry_sell_entry_ref_id_9c1aded3" ON "testapp_returned_sell_entry" ("sell_entry_ref_id");
CREATE INDEX IF NOT EXISTS "testapp_returned_out_item_entry_item_entry_ref1_id_9c4ede54" ON "testapp_returned_out_item_entry" ("item_entry_ref1_id");
CREATE INDEX IF NOT EXISTS "testapp_returned_out_item_entry_rbill_no_ref_id_588132ee" ON "testapp_returned_out_item_entry" ("rbill_no_ref_id");
CREATE INDEX IF NOT EXISTS "testapp_purchase_entry_supplier_ref1_id_e0cd67c5" ON "testapp_purchase_entry" ("supplier_ref1_id");
CREATE INDEX IF NOT EXISTS "testapp_item_entry_supplier_ref_id_60f56232" ON "testapp_item_entry" ("supplier_ref_id");
CREATE INDEX IF NOT EXISTS "testapp_item_entry_purchase_ref_id_9ddcfbbc" ON "testapp_item_entry" ("purchase_ref_id");
CREATE INDEX IF NOT EXISTS "testapp_out_item_entry_bill_no_ref_id_892a8538" ON "testapp_out_item_entry" ("bill_no_ref_id");
CREATE INDEX IF NOT EXISTS "testapp_out_item_entry_item_entry_ref_id_a05fff58" ON "testapp_out_item_entry" ("item_entry_ref_id");
CREATE TABLE IF NOT EXISTS "testapp_sell_entry" ("customer_address_ptr_id" integer NOT NULL UNIQUE REFERENCES "testapp_customer_address" ("id") DEFERRABLE INITIALLY DEFERRED, "bill_no" integer NOT NULL PRIMARY KEY, "bill_amount" decimal NOT NULL, "tax_amount" decimal NOT NULL, "grand_total" decimal NOT NULL, "sell_datetime" datetime NULL, "mode_of_payment" varchar(10) NOT NULL, "tx_id_reference" varchar(4) NOT NULL, "card_issued_bank" varchar(10) NOT NULL, "paid_by_card" decimal NOT NULL, "paid_by_cash" decimal NOT NULL, "return_cash" decimal NOT NULL, "status" varchar(10) NOT NULL);
INSERT INTO "testapp_sell_entry" VALUES(12,777,3,0.54,3.54,NULL,'1','empty','empty',0,0,0,'LOCKED');
INSERT INTO "testapp_sell_entry" VALUES(13,888,221,26.88,247.88,'2020-10-08 00:15:43.657908','1','empty','empty',0,0,0,'UNLOCKED');
INSERT INTO "testapp_sell_entry" VALUES(19,7878,0,0,0,NULL,'1','empty','empty',0,0,0,'UNLOCKED');
INSERT INTO "testapp_sell_entry" VALUES(21,7880,60.09,7.21,67.3,'2020-10-03 07:40:09.980682','1','empty','empty',0,0,0,'LOCKED');
INSERT INTO "testapp_sell_entry" VALUES(22,7881,66.83,8.8,75.63,'2020-10-08 16:15:13.963738','BOTH','1234','sbi',70,5.63,0,'UNLOCKED');
INSERT INTO "testapp_sell_entry" VALUES(26,7882,35.08,6.31,41.39,'2020-10-18 15:23:21','BOTH','3333','3ssdd',30,11.39,8.61,'LOCKED');
CREATE UNIQUE INDEX "auth_group_permissions_group_id_permission_id_0cd325b0_uniq" ON "auth_group_permissions" ("group_id", "permission_id");
CREATE INDEX IF NOT EXISTS "auth_group_permissions_group_id_b120cbf9" ON "auth_group_permissions" ("group_id");
CREATE INDEX IF NOT EXISTS "auth_group_permissions_permission_id_84c5c92e" ON "auth_group_permissions" ("permission_id");
CREATE UNIQUE INDEX "auth_user_groups_user_id_group_id_94350c0c_uniq" ON "auth_user_groups" ("user_id", "group_id");
CREATE INDEX IF NOT EXISTS "auth_user_groups_user_id_6a12ed8b" ON "auth_user_groups" ("user_id");
CREATE INDEX IF NOT EXISTS "auth_user_groups_group_id_97559544" ON "auth_user_groups" ("group_id");
CREATE UNIQUE INDEX "auth_user_user_permissions_user_id_permission_id_14a6b632_uniq" ON "auth_user_user_permissions" ("user_id", "permission_id");
CREATE INDEX IF NOT EXISTS "auth_user_user_permissions_user_id_a95ead1b" ON "auth_user_user_permissions" ("user_id");
CREATE INDEX IF NOT EXISTS "auth_user_user_permissions_permission_id_1fbb5f2c" ON "auth_user_user_permissions" ("permission_id");
CREATE INDEX IF NOT EXISTS "django_admin_log_content_type_id_c4bce8eb" ON "django_admin_log" ("content_type_id");
CREATE INDEX IF NOT EXISTS "django_admin_log_user_id_c564eba6" ON "django_admin_log" ("user_id");
CREATE UNIQUE INDEX "django_content_type_app_label_model_76bd3d3b_uniq" ON "django_content_type" ("app_label", "model");
CREATE UNIQUE INDEX "auth_permission_content_type_id_codename_01ab375a_uniq" ON "auth_permission" ("content_type_id", "codename");
CREATE INDEX IF NOT EXISTS "auth_permission_content_type_id_2f476e4b" ON "auth_permission" ("content_type_id");
CREATE INDEX IF NOT EXISTS "django_session_expire_date_a5c62663" ON "django_session" ("expire_date");
CREATE INDEX IF NOT EXISTS "testapp_returned_sell_entry_sell_entry_ref_id_9c1aded3" ON "testapp_returned_sell_entry" ("sell_entry_ref_id");
CREATE INDEX IF NOT EXISTS "testapp_returned_out_item_entry_item_entry_ref1_id_9c4ede54" ON "testapp_returned_out_item_entry" ("item_entry_ref1_id");
CREATE INDEX IF NOT EXISTS "testapp_returned_out_item_entry_rbill_no_ref_id_588132ee" ON "testapp_returned_out_item_entry" ("rbill_no_ref_id");
CREATE INDEX IF NOT EXISTS "testapp_purchase_entry_supplier_ref1_id_e0cd67c5" ON "testapp_purchase_entry" ("supplier_ref1_id");
CREATE INDEX IF NOT EXISTS "testapp_item_entry_supplier_ref_id_60f56232" ON "testapp_item_entry" ("supplier_ref_id");
CREATE INDEX IF NOT EXISTS "testapp_item_entry_purchase_ref_id_9ddcfbbc" ON "testapp_item_entry" ("purchase_ref_id");
CREATE INDEX IF NOT EXISTS "testapp_out_item_entry_bill_no_ref_id_892a8538" ON "testapp_out_item_entry" ("bill_no_ref_id");
CREATE INDEX IF NOT EXISTS "testapp_out_item_entry_item_entry_ref_id_a05fff58" ON "testapp_out_item_entry" ("item_entry_ref_id");
CREATE TABLE IF NOT EXISTS "testapp_supplier_address" ("companyname" varchar(200) NOT NULL PRIMARY KEY, "town" varchar(20) NOT NULL, "city" varchar(20) NOT NULL, "contact_name" varchar(80) NOT NULL, "email" varchar(80) NOT NULL, "phone" varchar(20) NOT NULL);
INSERT INTO "testapp_supplier_address" VALUES('sreesoft3','Pargi','Parigi','sreenivas','svalaboj@gmail.com','9986534440');
INSERT INTO "testapp_supplier_address" VALUES('sreesoft','Pargi','Parigi','sreenivas','svalaboj@gmail.com','9986534440');
INSERT INTO "testapp_supplier_address" VALUES('srirama','pargi','pargi','9986434440','svalaboj@gmail.com','9986534440');
INSERT INTO "testapp_supplier_address" VALUES('sreesoft11','hyderabad','pargi','sreenivas','s_valaboj@yahoo.com','9986534440');
CREATE UNIQUE INDEX "auth_group_permissions_group_id_permission_id_0cd325b0_uniq" ON "auth_group_permissions" ("group_id", "permission_id");
CREATE INDEX IF NOT EXISTS "auth_group_permissions_group_id_b120cbf9" ON "auth_group_permissions" ("group_id");
CREATE INDEX IF NOT EXISTS "auth_group_permissions_permission_id_84c5c92e" ON "auth_group_permissions" ("permission_id");
CREATE UNIQUE INDEX "auth_user_groups_user_id_group_id_94350c0c_uniq" ON "auth_user_groups" ("user_id", "group_id");
CREATE INDEX IF NOT EXISTS "auth_user_groups_user_id_6a12ed8b" ON "auth_user_groups" ("user_id");
CREATE INDEX IF NOT EXISTS "auth_user_groups_group_id_97559544" ON "auth_user_groups" ("group_id");
CREATE UNIQUE INDEX "auth_user_user_permissions_user_id_permission_id_14a6b632_uniq" ON "auth_user_user_permissions" ("user_id", "permission_id");
CREATE INDEX IF NOT EXISTS "auth_user_user_permissions_user_id_a95ead1b" ON "auth_user_user_permissions" ("user_id");
CREATE INDEX IF NOT EXISTS "auth_user_user_permissions_permission_id_1fbb5f2c" ON "auth_user_user_permissions" ("permission_id");
CREATE INDEX IF NOT EXISTS "django_admin_log_content_type_id_c4bce8eb" ON "django_admin_log" ("content_type_id");
CREATE INDEX IF NOT EXISTS "django_admin_log_user_id_c564eba6" ON "django_admin_log" ("user_id");
CREATE UNIQUE INDEX "django_content_type_app_label_model_76bd3d3b_uniq" ON "django_content_type" ("app_label", "model");
CREATE UNIQUE INDEX "auth_permission_content_type_id_codename_01ab375a_uniq" ON "auth_permission" ("content_type_id", "codename");
CREATE INDEX IF NOT EXISTS "auth_permission_content_type_id_2f476e4b" ON "auth_permission" ("content_type_id");
CREATE INDEX IF NOT EXISTS "django_session_expire_date_a5c62663" ON "django_session" ("expire_date");
CREATE INDEX IF NOT EXISTS "testapp_returned_sell_entry_sell_entry_ref_id_9c1aded3" ON "testapp_returned_sell_entry" ("sell_entry_ref_id");
CREATE INDEX IF NOT EXISTS "testapp_returned_out_item_entry_item_entry_ref1_id_9c4ede54" ON "testapp_returned_out_item_entry" ("item_entry_ref1_id");
CREATE INDEX IF NOT EXISTS "testapp_returned_out_item_entry_rbill_no_ref_id_588132ee" ON "testapp_returned_out_item_entry" ("rbill_no_ref_id");
CREATE INDEX IF NOT EXISTS "testapp_purchase_entry_supplier_ref1_id_e0cd67c5" ON "testapp_purchase_entry" ("supplier_ref1_id");
CREATE INDEX IF NOT EXISTS "testapp_item_entry_supplier_ref_id_60f56232" ON "testapp_item_entry" ("supplier_ref_id");
CREATE INDEX IF NOT EXISTS "testapp_item_entry_purchase_ref_id_9ddcfbbc" ON "testapp_item_entry" ("purchase_ref_id");
CREATE INDEX IF NOT EXISTS "testapp_out_item_entry_bill_no_ref_id_892a8538" ON "testapp_out_item_entry" ("bill_no_ref_id");
CREATE INDEX IF NOT EXISTS "testapp_out_item_entry_item_entry_ref_id_a05fff58" ON "testapp_out_item_entry" ("item_entry_ref_id");
